Song ID,Song Number,Title,Language,Detected Key,Mode,Confidence,Score,Chord Count,Status
979,1,AAJ KA DIN YEHOVA NE BANAYA HAI,hindi,D Major,major,high,62,31,success
913,1,SPIRIT OF THE LIVING GOD,english,F Major,major,high,36,23,success
587,1,"ख्रिस्त माझा, तो सर्वांचा, या नमा त्याला",marathi,D Major,major,high,80,40,success
980,2,JO KROOS PE QURBAN HAI,hindi,D Major,major,high,64,32,success
914,2,SET MY SPIRIT FREE,english,G Major,major,high,24,12,success
588,2,धन्यवाद येशूला,marathi,G Major,major,high,56,28,success
981,3,NAYA JEEVAN MIL GAYA,hindi,G Major,major,high,46,23,success
549,3,SWEEP OVER MY SOUL,english,D Major,major,high,18,9,success
589,3,किती आनंद हा स्वर्गीय आनंद हा,marathi,D Major,major,high,110,55,success
982,4,MUKTI DILAYE YESHU NAAM,hindi,A Major,major,high,48,24,success
685,4,THE WINDOWS OF HEAVEN,english,C Major,major,high,16,8,success
590,4,प्रति दिनी प्रति वेळी काही घडू दे,marathi,G Major,major,high,92,46,success
686,5,BLESS THE LORD O MY SOUL,english,G Major,major,high,46,24,success
983,5,"YESHU NE KAHA ""JEEVAN KI ROTI""",hindi,D Major,major,high,42,21,success
591,5,या सर्व मिळूनी गाऊ गीत वैभवी ख्रिस्ताचे,marathi,G Major,major,high,112,56,success
687,6,GREAT IS THE LORD,english,G Major,major,high,54,27,success
984,6,YESHU KA NAAM HAI SARE ZAMEEN PAR,hindi,E Major,major,high,56,28,success
592,6,"ख्रिस्त माझा तारणारा, मला वाटे प्रिय फार",marathi,D Major,major,high,40,20,success
688,7,I KNOW IT WAS THE BLOOD,english,C Major,major,high,18,9,success
985,7,"VANDE PRABHU, VANDE MASIEH",hindi,G Major,major,high,50,25,success
593,7,"हर्ष वाटतो, बहुत हर्ष वाटतो",marathi,G Major,major,high,48,24,success
689,8,BURN BURN HOLY SPIRIT,english,D Major,major,high,30,15,success
986,8,HAR DIN NAYI ASHA KA,hindi,G Major,major,high,64,32,success
594,8,तुझे वात्सल्य जीवनाहून श्रेष्ठ,marathi,G Major,major,high,36,18,success
987,9,AAYE HAIN HUM TERE CHARANO MEIN,hindi,G Major,major,high,20,10,success
690,9,HIS NAME IS WONDERFUL,english,D Major,major,high,30,16,success
595,9,स्तुती-स्तुती करूया उपकार स्तुती करूया,marathi,G Major,major,high,60,30,success
691,10,FROM GLORY TO GLORY,english,G Major,major,high,48,24,success
988,10,SIYON DESH HUMARA HAI,hindi,G Major,major,high,64,32,success
596,10,"क्रुसास येशु टांगला, अर्पिलेला कोकरा",marathi,G Major,major,high,60,30,success
989,11,HUM AAYE HAI TERE SHARAN MEIN,hindi,C Major,major,high,60,30,success
692,11,Iâ€™LL PRAISE HIS NAME,english,D Major,major,high,18,9,success
597,11,"स्तव तुझा करू धावा, हे सुखाच्या उगमा",marathi,G Major,major,high,88,44,success
990,12,HUM TO JALTE DEEP HAI,hindi,C Major,major,high,106,53,success
915,12,ITâ€™S A LOVELY LOVELY NAME,english,G Major,major,high,34,17,success
598,12,"येशु माझा मेंढपाळ, आम्ही त्याची मेंढरे",marathi,D Major,major,high,64,32,success
693,13,IN THE NAME OF JESUS,english,G Major,major,high,30,15,success
991,13,JAI DENE WALE PRABHU YESHU KO,hindi,D Major,major,high,44,22,success
599,13,"धन्य हो धन्य येशु माझा, (Blessed Assurance)",marathi,D Major,major,high,98,52,success
694,14,ALL OVER THE WORLD,english,G Major,major,high,32,16,success
992,14,PRABHU MERA JEEVAN TUNE,hindi,G Major,major,high,30,15,success
600,14,"तू बोलावीलें सेवा कराया, प्रभु, आलों आनंदे, (I Am Thine O Lord)",marathi,G Major,major,high,90,45,success
993,15,PYARA YESHU KA PAIGAM,hindi,G Major,major,high,58,29,success
561,15,REJOICE IN THE LORD,english,G Major,major,high,8,4,success
601,15,होईल वृष्टि कृपेची (There Shall Be Showers),marathi,G Major,major,high,80,43,success
695,16,Iâ€™LL SAY â€œYESâ€,english,D Major,major,high,24,12,success
994,16,SHARON KA GULAB HAI TU,hindi,G Major,major,high,30,15,success
602,16,"वंदा, वंदा तारक प्रभु येशूला ! (Praise Him Praise Him)",marathi,G Major,major,high,96,48,success
995,17,NEELE AASMAN KE PAAR JAYENGE,hindi,D Major,major,high,64,32,success
916,17,WE ARE GATHERING TOGETHER,english,G Major,major,high,18,9,success
603,17,"प्रभू ख्रिस्ता कृपामय, मला तूंचि हो आश्रय; (Rock Of Ages)",marathi,G Major,major,high,64,32,success
917,18,TO BE LIKE JESUS,english,G Major,major,high,30,16,success
996,18,UTHATE HAIN TERA NAAM,hindi,G Major,major,high,48,24,success
604,18,"दिव्य तेजे प्रकाशीत स्थळ, (There's A Land That Is Fairer)",marathi,G Major,major,high,80,43,success
696,19,ITâ€™S NOT BY MIGHT,english,G Major,major,high,20,10,success
997,19,USNE DAKHRAS AUR TEL UNDELA,hindi,D Major,major,high,34,17,success
605,19,"येशूच्या रक्ते भरले, धुण्याचे कुंड जाण (There Is A Fountain)",marathi,C Major,major,high,80,40,success
998,20,HUM YESHU KE SANG EK DIN,hindi,F Major,major,high,56,28,success
697,20,Iâ€™VE FOUND A NEW WAY OF LIVING,english,D Major,major,high,52,26,success
606,20,"कोण मित्र येशुवाणी, सारें ओझे वाहाया ? (What A Friend We Have In Jesus)",marathi,G Major,major,high,106,53,success
567,21,WITH MY HANDS LIFTED UP,english,D Major,major,high,10,5,success
999,21,YAHOVA KI STUTI KARO,hindi,G Major,major,high,58,29,success
607,21,"येशूची सेवा आवडे, गेलो सुवेळी त्याकडे, (O Happy Day)",marathi,G Major,major,high,90,45,success
698,22,I WILL SING OF THE MERCIES OF THE LORD,english,G Major,major,high,36,18,success
1000,22,YESHU HAI SACCHA GADARIYA,hindi,F Major,major,high,58,29,success
699,23,THEREFORE THE REDEEMED OF THE LORD,english,G Major,major,high,50,25,success
1001,23,VACHAN TERA HE PRABHU,hindi,D Major,major,high,48,24,success
700,24,COVER ME COVER ME,english,G Major,major,high,52,26,success
1002,24,KHUL JAYEGI KITABE,hindi,D Major,major,high,66,33,success
701,25,LIFT JESUS HIGHER,english,G Major,major,high,26,13,success
1003,25,TERI ICCHA POORI HO JAYE,hindi,G Major,major,high,72,36,success
1004,26,"AAWAZ UTHAYENGE, HUM SAAZ BAYAYENGE",hindi,D Major,major,high,52,26,success
702,26,HE IS THE SAME UNCHANGING JESUS,english,G Major,major,high,20,10,success
1005,27,AADI AUR ANT TU HI HAI,hindi,C Major,major,high,92,46,success
703,27,JEHOVAH JIREH,english,G Major,major,high,54,27,success
1006,28,ASHISH TUJHSE CHAHTE HAIN,hindi,D Major,major,high,56,28,success
704,28,FROM THE RISING OF THE SUN,english,G Major,major,high,52,26,success
705,29,EVERYBODY OUGHT TO KNOW,english,G Major,major,high,36,18,success
1007,29,GHATAYON PAR SAWAR HOKAR,hindi,D Major,major,high,70,35,success
706,30,SING ALLELUJAH TO THE LORD,english,D Major,major,high,54,27,success
1008,30,ZINDAGI MERI BADAL GAYI,hindi,D Major,major,high,62,31,success
707,31,I WILL SING UNTO THE LORD,english,G Major,major,high,48,24,success
1009,31,JAI JAI PRABHU YESHU KI,hindi,C Major,major,high,64,32,success
708,32,I WILL ENTER HIS GATES,english,G Major,major,high,40,20,success
1010,32,JAB SE PYARA YESHU AAYA,hindi,D Major,major,high,92,46,success
579,33,COME AND PRAISE HIM,english,C Major,major,high,6,3,success
1011,33,JAYENGE UTTAM DESH MEIN ZAROOR,hindi,G Major,major,high,102,51,success
709,34,COME INTO HIS PRESENCE SINGING,english,G Major,major,high,18,9,success
1012,34,"DHANYA DHANYA TUJKHO, PRABHU HUM KAHTE BAAR BAAR",hindi,D Major,major,high,74,37,success
918,35,BLESS THE LORD O MY SOUL,english,G Major,major,high,30,15,success
1013,35,"DHARTI AKASH DONON, PRABHU KI AAWAZ SUNENGE",hindi,C Major,major,high,88,44,success
582,36,JESUS TAKE ME AS I AM,english,C Major,major,high,8,4,success
1014,36,PRABHU MAHAN VICHARUN KARYA TERE,hindi,G Major,major,high,108,54,success
1015,37,PARAM PITA KI HUM STUTI GAYEN,hindi,G Major,major,high,148,74,success
919,37,WHEN I FEEL THE TOUCH,english,G Major,major,high,30,15,success
710,38,I THANK YOU JESUS FOR YOUR LOVE TO ME,english,G Major,major,high,34,17,success
1016,38,PAAP KA BANDHAN TODA GAYA,hindi,G Major,major,high,72,36,success
711,39,I'VE TAKEN MY HARP DOWN,english,G Major,major,high,36,18,success
1017,39,PRABHU TERE NAM KE LIYE,hindi,E Major,major,high,76,38,success
1018,40,TERI ARADHANA KARUN,hindi,G Major,major,high,82,41,success
586,40,THANK YOU GOD,english,C Major,major,high,6,3,success
920,41,LET THE BEAUTY OF JESUS,english,D Major,major,high,30,16,success
1019,41,TERE PAAP DHUL SAKENGE,hindi,E Major,major,high,86,43,success
1020,42,DEKHO DEKHO KOI AA RAHA HAI,hindi,D Major,major,high,76,38,success
921,42,TURN YOUR EYES UPON JESUS,english,D Major,major,high,50,25,success
922,43,I HAVE DECIDED TO FOLLOW JESUS,english,C Major,major,high,8,4,success
1021,43,PAWAN HAI WOH PRABHU HAMARA,hindi,D Major,major,high,76,38,success
1022,44,BOLO JAI MILKAR JAI,hindi,D Major,major,high,68,34,success
923,44,I WANT TO WORSHIP THE LORD,english,D Major,major,high,30,15,success
1023,45,MERE GEETON KA VISHAY,hindi,D Major,major,high,140,70,success
924,45,THIS IS THE DAY,english,D Major,major,high,20,10,success
925,46,GIVE ME OIL IN MY LAMP,english,D Major,major,high,22,11,success
1024,46,MAN KA DEEP JALA,hindi,G Major,major,high,68,34,success
926,47,I WAS GLAD WHEN THEY SAID UNTO ME,english,D Major,major,high,16,8,success
1025,47,MERE DIL MEIN NAYA GANA,hindi,G Major,major,high,88,44,success
1026,48,MAIN YESHU KE NOOR MEIN SAATH CHALUNGA,hindi,F Major,major,high,108,54,success
927,48,PRAISE HIM PRAISE HIM,english,D Major,major,high,14,7,success
928,49,JESUS TOOK MY BURDENS,english,D Major,major,high,30,15,success
1027,49,MAHIMA SE TU JO BHARA HUA,hindi,G Major,major,high,80,40,success
929,50,JESUS NAME ABOVE ALL NAMES,english,D Major,major,high,28,14,success
1028,50,YESHU SALEEB PAR MUA,hindi,G Major,major,high,70,35,success
930,51,I WILL EXTOL YOU MY GOD,english,G Major,major,high,62,31,success
1029,51,YESHU NE APNA KHOON BAHAKE,hindi,E Major,major,high,100,50,success
931,52,LET THERE BE LOVE,english,C Major,major,high,34,18,success
1030,52,YAHOVA CHARVAHA MERA,hindi,G Major,major,high,78,39,success
932,53,FOR THOU O LORD,english,C Major,major,high,22,11,success
1031,53,RAJAON KA RAJA YESHU RAJA,hindi,G Major,major,high,50,25,success
933,54,BY HIS WORD,english,D Major,major,high,24,12,success
1032,54,RABB KI HOWE SANNA HAMESHA,hindi,G Major,major,high,66,33,success
934,55,FATHER WE LOVE / WORSHIP YOU,english,D Major,major,high,22,12,success
1033,55,HUM MASIHI RAHI,hindi,D Major,major,high,72,36,success
1034,56,SARI SRISHTI KE MALIK TUMHI HO,hindi,G Major,major,high,100,50,success
935,56,WHOM I HAVE IN HEAVEN,english,D Major,major,high,36,18,success
1035,57,HALLELUYA STUTI GAYE HUM,hindi,A Major,major,high,62,35,success
936,57,IT IS NO SECRET,english,C Major,major,high,20,10,success
937,58,ALL HAIL KING JESUS,english,D Major,major,high,30,15,success
1036,58,HE DULHAN HO TAIYAR,hindi,G Major,major,high,86,43,success
938,59,LET THE BOOK LIVE,english,D Major,major,high,24,12,success
1037,59,"MERE PRABHUJI, TUHI HAI SAHARA",hindi,E Major,major,high,52,26,success
939,60,ALMIGHTY GOD,english,D Major,major,high,52,26,success
1038,60,SAMPOORN JEEVAN MERA,hindi,G Major,major,high,88,44,success
940,61,CHANGE MY HEART O LORD,english,C Major,major,high,38,22,success
1039,61,SUN LO MERE BHAIYON,hindi,G Major,major,high,120,60,success
1040,62,AE HAMARE BAAP,hindi,A Major,major,high,112,56,success
941,62,FLOW THROUGH ME,english,D Major,major,high,22,12,success
1041,63,BANE RAHO TUM,hindi,G Major,major,high,98,49,success
942,63,GOD RICH IN MERCY,english,D Major,major,high,34,17,success
943,64,HE IS MY EVERYTHING,english,D Major,major,high,36,18,success
1042,64,YESHU RAJA HO MALIK TUM MERE,hindi,G Major,major,high,78,39,success
944,65,GOD IS GOOD TO ME,english,D Major,major,high,18,9,success
1043,65,PAVITRA ATMA AA,hindi,G Major,major,high,46,23,success
945,66,GIVE THANKS,english,F Major,major,high,30,17,success
1044,66,KHUSHI HI KHUSHI HAI,hindi,G Major,major,high,70,35,success
712,67,THY LOVING KINDNESS,english,D Major,major,high,22,11,success
1045,67,YAHOVA NISSI,hindi,E Major,major,high,26,13,success
946,68,HE'S A MIRACLE-WORKING GOD,english,D Major,major,high,12,6,success
1046,68,MILKAR HUM SANNA TERI GATE,hindi,E Major,major,high,44,22,success
947,69,HE IS LORD HE IS LORD,english,D Major,major,high,34,17,success
1047,69,KRUS KI KAHANI BHI KYA AJEEB HAI,hindi,C Major,major,high,60,30,success
1048,70,AADI MEIN VACHAN THA,hindi,G Major,major,high,76,38,success
948,70,WE BRING A SACRIFICE,english,D Major,major,high,20,11,success
1049,71,COKE QURBAN HAR GUNAH SE,hindi,G Major,major,high,64,32,success
949,71,IN MOMENTS LIKE THESE,english,D Major,major,high,44,22,success
1050,72,ANAND SE GEET GAO,hindi,G Major,major,high,88,44,success
950,72,IT'S YOUR BLOOD,english,D Major,major,high,70,37,success
1051,73,HO SHUKRIYA KHUDA KA,hindi,G Major,major,high,54,27,success
951,73,JESUS WE ENTHRONE YOU,english,G Major,major,high,30,15,success
952,74,KNOW YE NOT,english,D Major,major,high,14,7,success
1052,74,PRABHU KA ANAND HAI MERI TAQAT,hindi,E Major,major,high,48,24,success
953,75,LET YOUR WORD BE BORN,english,D Major,major,high,22,11,success
1053,75,SABSE UNCHA NAAM PRABHU,hindi,A Major,major,high,60,30,success
954,76,MAJESTY WORSHIP HIS MAJESTY,english,G Major,major,high,46,25,success
1054,76,YESHU HAI MERA MUKTIDHAM,hindi,E Major,major,high,64,32,success
1055,77,DIL MERA LE LE PYARE YESHU,hindi,D Major,major,high,100,50,success
955,77,OPEN MY EYES LORD,english,D Major,major,high,10,5,success
956,78,THANK YOU THANK YOU JESUS,english,D Major,major,high,18,9,success
1056,78,YESHU NAAM MEIN UDDHAR HUMKO,hindi,E Major,major,high,48,24,success
1057,79,RAHON MEIN KANTE AGAR HO,hindi,C Major,major,high,52,31,success
957,79,STAND BY ME,english,D Major,major,high,16,8,success
1058,80,APNA DIL KHOLO BAND NA KARO,hindi,G Major,major,high,96,48,success
958,80,VICTORY IS MINE,english,D Major,major,high,14,7,success
1059,81,LE CHAL HUME TU PAVITRA ATMA,hindi,D Major,major,high,60,30,success
959,81,WHAT A MIGHTY GOD,english,D Major,major,high,16,8,success
1060,82,AA YESHU PASS AA,hindi,D Major,major,high,36,18,success
960,82,WE ARE HERE TO PRAISE YOU,english,D Major,major,high,38,20,success
1061,83,JEEVAN SE BEHTAR KARUNA TERI,hindi,C Major,major,high,42,21,success
961,83,WHEN I LOOK INTO YOUR HOLINESS,english,C Major,major,high,38,19,success
1062,84,ARADHANA HUM YESHU KI KARE,hindi,C Major,major,high,90,45,success
962,84,YOU ARE MY HIDING PLACE,english,C Major,major,high,22,13,success
963,85,EVERY PROMISE,english,D Major,major,high,28,14,success
1063,85,SHUNYA SE LEKAR TUNE MUJHE,hindi,G Major,major,high,90,45,success
1064,86,"ANUGRAH, ANUGRAH, ANUGRAH",hindi,G Major,major,high,40,20,success
964,86,FATHER IN HEAVEN,english,C Major,major,high,62,31,success
965,87,I'M FOLLOWING JESUS,english,D Major,major,high,34,19,success
1065,87,YESHU KO MEIN SAB KUCH DETA,hindi,D Major,major,high,86,43,success
966,88,COME BLESS THE LORD,english,D Major,major,high,52,26,success
1066,88,PRABHU TERA HUN TERE VACHAN SE,hindi,G Major,major,high,110,55,success
967,89,SHACKLED BY A HEAVY BURDEN,english,D Major,major,high,52,27,success
1067,89,"YEHOVA YIRE, UPAYA KARNE WALE",hindi,C Major,major,high,32,16,success
1068,90,CHHOD NA MUJHE PYARE YESHU,hindi,E Major,major,high,70,35,success
968,90,FOR I'M BUILDING A PEOPLE OF POWER,english,D Major,major,high,24,12,success
1069,91,HOVEGI BARKAT KI BARISH,hindi,G Major,major,high,54,27,success
969,91,LET THE REDEEMED,english,D Major,major,high,10,5,success
1070,92,MAIN JAB PUKARU TUJHE,hindi,G Major,major,high,40,20,success
970,92,UNTO THEE O LORD,english,D Major,major,high,34,17,success
1071,93,SADA MEIN STUTI KARUNGA,hindi,G Major,major,high,40,20,success
971,93,THANK YOU JESUS,english,D Major,major,high,22,11,success
972,94,JUST ONE MORE TIME,english,D Major,major,high,28,15,success
1072,94,KUS KE PASS TU MUJHE RAKH,hindi,E Major,major,high,72,36,success
1073,95,APNE GHUTNON PE HUM AAKAR,hindi,C Major,major,high,32,17,success
973,95,HOLY SPIRIT WE WELCOME YOU,english,D Major,major,high,78,39,success
974,96,LET'S TALK ABOUT JESUS,english,D Major,major,high,60,30,success
1074,96,MERI PYASI ANKHE,hindi,G Major,major,high,34,17,success
975,97,BLESSED BE THE NAME OF THE LORD,english,D Major,major,high,30,15,success
1075,97,SWARGIYA ASHISH DE,hindi,D Major,major,high,64,32,success
976,98,HE CARETH FOR YOU,english,D Major,major,high,6,3,success
1076,98,SARE JAGAT SE PYAR KIYA,hindi,G Major,major,high,62,31,success
977,99,AH LORD GOD,english,D Major,major,high,44,22,success
1077,99,PRABHU TU HAI CHANDI SE BHI KIMTI,hindi,D Major,major,high,54,27,success
1078,100,AMBAR BHI NAYA,hindi,F Major,major,high,40,20,success
978,100,WE HAVE COME INTO HIS HOUSE,english,D Major,major,high,24,12,success
713,101,HE BROUGHT ME TO HIS BANQUETING TABLE,english,D Major,major,high,46,23,success
1079,101,HE YEHOVA BAL MERE,hindi,G Major,major,high,46,23,success
1080,102,DHARA JO BAHTI SALIB SE,hindi,G Major,major,high,44,22,success
714,102,I'VE GOT THE JOY DOWN IN MY HEART,english,D Major,major,high,26,13,success
715,103,I'M SO GLAD JESUS SET ME FREE,english,D Major,major,high,12,6,success
1081,103,O AKASH AUR SURYA CHANDRAMA,hindi,G Major,major,high,58,29,success
716,104,ALL HEAVENS DECLARE,english,D Major,major,high,32,16,success
1082,104,YESHU MASIH NE MUJHE,hindi,E Major,major,high,48,24,success
1083,105,BOJH SABKE GUNAH KA UTHAKAR,hindi,C Major,major,high,42,28,success
717,105,JESUS WHAT A WONDER YOU ARE,english,D Major,major,high,12,6,success
1084,106,GAR TUM KHAMOSH RAHOGE TO,hindi,G Major,major,high,54,27,success
718,106,O COME LET US ADORE HIM,english,D Major,major,high,12,6,success
1085,107,AA PAVITRA ATMA TU AA JA,hindi,D Major,major,high,48,24,success
719,107,SHUT IN WITH GOD,english,G Major,major,high,14,7,success
720,108,GLORY JESUS GLORY,english,D Major,major,high,32,16,success
1086,108,HA S S HALLELUJAH MILKAR GAYE,hindi,G Major,major,high,72,36,success
721,109,HEAVENLY FATHER,english,D Major,major,high,52,26,success
1087,109,MAHIMA DENGE TUJHKO PRABHU,hindi,A Major,major,high,46,24,success
1088,110,DHANYAVAD DHANYAVAD DHANYAVAD,hindi,E Major,major,high,50,25,success
722,110,GIVE HEED TO MY WORDS O LORD,english,D Major,major,high,20,10,success
1089,111,PRARTHNA MEIN JO BHI MANGE,hindi,C Major,major,high,30,15,success
723,111,TAKE UP YOUR CROSS,english,D Major,major,high,18,9,success
724,112,HAVE YOUR WAY,english,D Major,major,high,16,8,success
1090,112,MERE DIL MEIN YESHU AAYA,hindi,G Major,major,high,56,28,success
1091,113,AAO MILKAR GAYE,hindi,G Major,major,high,24,12,success
725,113,HALLELUJAH MY FATHER,english,D Major,major,high,28,14,success
1092,114,"AE DUNIYA KE LOGO, UNCHI AWAZ KARO",hindi,C Major,major,high,74,37,success
726,114,HE'S SETTING ME FREE,english,D Major,major,high,14,7,success
1093,115,SATH YESHU KA MIL JAYE TO,hindi,C Major,major,high,40,20,success
727,115,THE MOVE IS ON,english,D Major,major,high,26,13,success
1094,116,HAI KHUDAKI YE TAMANNA,hindi,C Major,major,high,46,30,success
728,116,WE ARE STANDING ON HOLY GROUND,english,D Major,major,high,12,6,success
1095,117,"TERA LAHU, TERA LAHU",hindi,D Major,major,high,40,20,success
729,117,THE ANGEL IS HERE RIGHT NOW,english,D Major,major,high,22,11,success
730,118,GOD FORGAVE MY SIN IN JESUS' NAME,english,D Major,major,high,34,17,success
1096,118,MAHIMA KE KHUDA PRABHU YESHU MASIH,hindi,G Major,major,high,62,31,success
731,119,LORD GIVE ME ALSO SPRINGS OF WATER,english,D Major,major,high,24,12,success
1097,119,MAIN PAPI HUN PRABHUJI,hindi,E Major,major,high,38,19,success
732,120,AMAZING GRACE,english,D Major,major,high,66,33,success
1098,120,YESHU MASIH HAMARA RAJA HAI,hindi,D Major,major,high,44,22,success
1099,121,GATA RAHE MERA DIL,hindi,G Major,major,high,40,20,success
733,121,THEY COME FROM THE EAST AND WEST,english,D Major,major,high,134,67,success
734,122,FEAR NOT LITTLE FLOCK,english,D Major,major,high,58,29,success
1100,122,SUNO SUNO YESHU AYEGA,hindi,D Major,major,high,64,32,success
735,123,I LOVE HIM I LOVE HIM,english,D Major,major,high,60,30,success
1101,123,JANAM PANI SE LENA HOGA,hindi,G Major,major,high,34,17,success
1102,124,AE SHAHON KE SHAHENSHAH,hindi,C Major,major,high,56,36,success
736,124,SWEET HOUR OF PRAYER,english,D Major,major,high,84,42,success
737,125,I AM THINKING OF THE RAPTURE,english,D Major,major,high,46,23,success
1103,125,KALISIYA KARTI INTEZAR,hindi,C Major,major,high,24,12,success
1104,126,KHRIST YESHU DAYALU PRABHU,hindi,D Major,major,high,64,32,success
738,126,TEACH ME LORD TO WAIT DOWN ON MY KNEES,english,D Major,major,high,50,25,success
739,127,OH HOW I LOVE JESUS,english,D Major,major,high,72,36,success
1105,127,TERE SANMUKH SHISH NAWATE,hindi,G Major,major,high,34,17,success
740,128,AM I A SOLDIER OF THE CROSS,english,D Major,major,high,74,37,success
1106,128,MASIH NE MERE LIYE KYA KIYA,hindi,G Major,major,high,42,21,success
1107,129,CHALE JANA HAI DUR SE DUR TAK,hindi,C Major,major,high,30,15,success
741,129,MARVELOUS GRACE,english,D Major,major,high,68,34,success
742,130,WE'RE MARCHING TO ZION,english,D Major,major,high,66,33,success
1108,130,"YOGYA KEVAL TU, YOGYA KEVAL TU",hindi,G Major,major,high,18,9,success
1109,131,KITNA HASIN VADA HAI YE,hindi,G Major,major,high,50,25,success
743,131,SEARCH ME O GOD,english,D Major,major,high,88,44,success
744,132,MY SHEEP KNOW MY VOICE,english,D Major,major,high,42,21,success
1110,132,YESHU KA LAHU SARE PAPON SE SHUDDH KARTA HUMEIN,hindi,G Major,major,high,56,28,success
745,133,ONWARD CHRISTIAN SOLDIERS,english,D Major,major,high,124,62,success
1111,133,YESHU AAP RAHENGE SATH,hindi,D Major,major,high,50,25,success
746,134,MY FAITH LOOKS UP TO THEE,english,D Major,major,high,72,36,success
1112,134,SENAON KA YEHOVA HAMARE SANG SANG HAI,hindi,G Major,major,high,34,17,success
747,135,I CARE NOT TODAY WHAT THE MORROW MAY BRING,english,D Major,major,high,78,39,success
1113,135,YESHU KA NAAM SUKHADAYI,hindi,C Major,major,high,24,12,success
748,136,I SURRENDER ALL,english,D Major,major,high,84,42,success
1114,136,TU PYAR KA SAGAR,hindi,G Major,major,high,30,15,success
1115,137,KUCH MILE YA NA MILE,hindi,D Major,major,high,54,27,success
749,137,LET ME WALK BLESSED LORD,english,D Major,major,high,52,26,success
1116,138,HO LENGE HUM YESHU KE SANG,hindi,G Major,major,high,24,12,success
750,138,STANDING ON THE PROMISES,english,D Major,major,high,76,38,success
1117,139,GAUNGA MAIN TERE HI GEET,hindi,G Major,major,high,30,15,success
751,139,LEAD ME ON HOLY SPIRIT,english,D Major,major,high,28,14,success
1118,140,AAO HUM YEHOVA KA DHANYAWAD KAREIN,hindi,G Major,major,high,28,14,success
752,140,ROCK OF AGES,english,D Major,major,high,82,41,success
1119,141,DAYEIN NA BAYEIN MUDNA,hindi,G Major,major,high,28,14,success
753,141,I WAS SINKING DEEP IN SIN,english,D Major,major,high,84,42,success
1120,142,TERE HI NAAM SE HAI PRABHU,hindi,D Major,major,high,24,12,success
754,142,THERE SHALL BE SHOWERS OF BLESSING,english,D Major,major,high,54,27,success
755,143,HAVE THINE OWN WAY LORD,english,D Major,major,high,102,51,success
1121,143,TERE LAHU KE VASILE SE,hindi,D Major,major,high,44,22,success
1122,144,ANAND ANAND ANAND HAI,hindi,G Major,major,high,56,28,success
756,144,I AM THINE O LORD,english,D Major,major,high,86,43,success
757,145,I HAVE LOST MY REPUTATION,english,D Major,major,high,44,22,success
1123,145,PARMESHWAR KI DAYA KAISI,hindi,D Major,major,high,60,30,success
1124,146,"JAI JAI YESHU, JAI JAI YESHU",hindi,G Major,major,high,34,17,success
758,146,ON THE WINGS OF A SNOW - WHITE DOVE,english,D Major,major,high,58,29,success
759,147,YES I FEEL LIKE TRAVELLING ON,english,D Major,major,high,44,22,success
1125,147,YESHU KA PREM HAI,hindi,C Major,major,high,40,20,success
760,148,JESUS HAS A TABLE SPREAD,english,D Major,major,high,64,32,success
1126,148,"TARIF, TARIF, MIL KE KARO",hindi,G Major,major,high,44,22,success
1127,149,IMMANUEL KE LAHU SE,hindi,D Major,major,high,40,20,success
761,149,THERE'S A LAND THAT IS FAIRER THAN DAY,english,D Major,major,high,58,29,success
762,150,BRINGING IN THE SHEAVES,english,D Major,major,high,56,28,success
1128,150,JAYVANT MASIHA JAYVANT HUA HAI,hindi,G Major,major,high,112,56,success
1129,151,HAMARE PRABHU YESHU JI KA NAAM,hindi,G Major,major,high,58,29,success
763,151,TEMPTED AND TRIED WE'RE OFT MADE TO WONDER,english,D Major,major,high,48,24,success
1130,152,JYOTI SE YESHU KI,hindi,G Major,major,high,32,16,success
764,152,SHALL WE GATHER AT THE RIVER,english,D Major,major,high,84,42,success
765,153,DOWN AT THE CROSS,english,D Major,major,high,58,29,success
1131,153,SABNE GUNAHGAR KO,hindi,C Major,major,high,36,22,success
1132,154,AANKHEIN HAMARI KHOLIYE PRABHUJI,hindi,D Major,major,high,28,14,success
766,154,JESUS IS MY SAVIOUR,english,D Major,major,high,34,17,success
1133,155,KRUS HI KE PASS,hindi,G Major,major,high,38,19,success
767,155,YESTERDAY TODAY FOREVER,english,D Major,major,high,210,105,success
1134,156,KIMTI VAYDA BAAP NE DIYA,hindi,D Major,major,high,36,18,success
768,156,PRAISE THE LORD O PRAISE THE LORD,english,G Major,major,high,14,7,success
769,157,HALLELUJAH HALLELUJAH,english,D Major,major,high,14,7,success
1135,157,HUM VISHWAS SE EK DESH DEKHTE HAIN,hindi,G Major,major,high,32,16,success
770,158,GREAT IS THY FAITHFULNESS,english,D Major,major,high,72,36,success
1136,158,YESHU KAISA DOST PYARA,hindi,G Major,major,high,60,30,success
771,159,I'VE FOUND A FRIEND IN JESUS,english,D Major,major,high,80,40,success
1137,159,ISHWAR SATH HO JAB TAK NA MILEIN,hindi,G Major,major,high,28,14,success
772,160,THE SANDS HAVE BEEN WASHED,english,D Major,major,high,80,40,success
1138,160,YESHU TERA NAAM HAI MAHAN,hindi,G Major,major,high,16,8,success
1139,161,HUM VISHWASIYON KE LIYE EK ASHA HAI,hindi,G Major,major,high,52,26,success
773,161,THERE IS A FOUNTAIN,english,D Major,major,high,146,73,success
774,162,MINE EYES HAVE SEEN THE GLORY,english,D Major,major,high,70,35,success
1140,162,PAVITRA NAGAR NAYE YARUSHALAM KO,hindi,D Major,major,high,60,30,success
1141,163,TUHI DULHAN HAI,hindi,G Major,major,high,40,20,success
775,163,WHEN THE ROLL IS CALLED UP YONDER,english,D Major,major,high,62,31,success
1142,164,"AASMAN KE NEECHE, AUR IS DHARTI PAR",hindi,G Major,major,high,20,10,success
776,164,ALL PRAISE TO HIM,english,D Major,major,high,100,50,success
1143,165,"HE KHUDA, TERI SHARAN SABSE PYARI HAI",hindi,C Major,major,high,20,10,success
777,165,THERE'S NEVER BEEN A DAY,english,D Major,major,high,46,23,success
1144,166,ANANDIT HO JAO PYARO,hindi,G Major,major,high,20,10,success
778,166,SPEAK MY LORD,english,D Major,major,high,114,57,success
1145,167,APNA BOJH PRABHU PAR DAAL,hindi,G Major,major,high,26,13,success
779,167,THE LOVE OF GOD,english,D Major,major,high,142,71,success
1146,168,KAL AUR AAJ AUR YUGANUYUG TAK,hindi,C Major,major,high,30,15,success
780,168,WHEN I SURVEY,english,D Major,major,high,96,48,success
1147,169,"HE YESHU MAHAN, HE YESHU MAHAN",hindi,D Major,major,high,28,14,success
781,169,WE'RE FLOATING DOWN,english,D Major,major,high,158,79,success
1148,170,HRIDAY BHET CHADHAYE PRABHU KO STUTI PRASHANSA KAREIN,hindi,G Major,major,high,28,14,success
782,170,YOU HAVE HEARD OF LITTLE MOSES,english,D Major,major,high,84,42,success
1149,171,"AAP MERA RAJA, AAP MERA RAJA",hindi,G Major,major,high,62,31,success
783,171,IT'S DRIPPING WITH BLOOD,english,D Major,major,high,120,60,success
1150,172,JUNGLI DARAKHTO KE DARMIYAN,hindi,D Major,major,high,94,47,success
784,172,WHEN JESUS COMES,english,D Major,major,high,110,55,success
785,173,HAVE YOU BEEN TO JESUS,english,D Major,major,high,86,43,success
1151,173,HUM TO KHUDA KE BETE HAIN,hindi,G Major,major,high,64,32,success
1152,174,TERE SAATH HUM CHALEIN,hindi,D Major,major,high,66,33,success
786,174,YES JESUS LOVES ME,english,D Major,major,high,46,23,success
787,175,ONCE MY SOUL WAS ASTRAY,english,D Major,major,high,92,46,success
1153,175,TERA PYAR HAI MAHAN,hindi,G Major,major,high,72,36,success
788,176,BRING THEM IN,english,D Major,major,high,50,25,success
1154,176,PRABHU KA DHANYAWAD KARUNGA,hindi,G Major,major,high,52,26,success
789,177,I LOVE YOU LORD,english,D Major,major,high,50,25,success
1155,177,YESHU KI BABAT SUNAO,hindi,D Major,major,high,56,28,success
790,178,O LORD MY GOD,english,D Major,major,high,92,46,success
1156,178,TU YESHU HAI MERA MAIN JAANTA YEH BAAT,hindi,D Major,major,high,64,32,success
791,179,THERE IS POWER WONDER-WORKING POWER,english,D Major,major,high,76,38,success
1157,179,YESHU NAAM KI DE DUHAI,hindi,D Major,major,high,54,27,success
1158,180,EK MUNJI AJEEB HAI KHUDAWAND YESHU,hindi,G Major,major,high,74,37,success
792,180,WHAT CAN WASH AWAY MY SIN,english,D Major,major,high,60,30,success
1159,181,"EK MANUSHYA BAITHA, BAITHA BHIKH THA MAANGTA",hindi,G Major,major,high,80,40,success
793,181,I'M REJOICING NIGHT AND DAY,english,D Major,major,high,110,55,success
794,182,ALL HAIL THE POWER OF JESUS' NAME,english,D Major,major,high,76,38,success
1160,182,PAVITRA ATMA PREMI PAVITRA ATMA,hindi,D Major,major,high,60,30,success
795,183,ALAS AND DID MY SAVIOUR BLEED,english,D Major,major,high,102,51,success
1161,183,"TAN, MAN AUR DHAN USE DO",hindi,G Major,major,high,52,26,success
796,184,O HAPPY DAY,english,D Major,major,high,130,65,success
1162,184,"TERI SHIRIN AAWAZ, MAIN SUNTA HOON KHUDA",hindi,D Major,major,high,80,40,success
797,185,ONE OF THEM ONE OF THEM,english,D Major,major,high,122,61,success
1163,185,YESHU NAAM MEIN KUDRAT PAAYI JAATI HAI,hindi,G Major,major,high,52,26,success
1164,186,"HO JAI JAYKAAR, JAI JAYKAAR KARE",hindi,G Major,major,high,28,14,success
798,186,WHEN THE SAVIOUR CALLS I WILL ANSWER,english,D Major,major,high,38,19,success
1165,187,AASMANON MEIN HAI MERA BHI EK MAKAN,hindi,D Major,major,high,64,32,success
799,187,BEYOND THE SUNSET,english,D Major,major,high,72,36,success
1166,188,AAJ CHALEIN KHUDAWAND KE HUZOOR,hindi,G Major,major,high,78,39,success
800,188,HOLD TO GOD'S UNCHANGING HAND,english,D Major,major,high,80,40,success
1167,189,NAYA JEEVAN HOGA KAISA SUHANA,hindi,G Major,major,high,64,32,success
801,189,THE DAY OF REDEMPTION IS NEAR,english,D Major,major,high,92,46,success
802,190,ONE DAY WHEN HEAVEN,english,D Major,major,high,140,70,success
1168,190,YESHU TERA NAAM HAI KITNA SUNDAR,hindi,G Major,major,high,32,16,success
1169,191,BADHATE JAYENGE AAGE AAGE,hindi,G Major,major,high,60,30,success
803,191,ON A HILL FAR AWAY,english,D Major,major,high,82,41,success
1170,192,JEEVIT JEEVIT JEEVIT HAI SADA,hindi,G Major,major,high,18,9,success
804,192,O MY HEART SINGS TODAY,english,D Major,major,high,78,39,success
1171,193,BHOOMI KI UTPATTI SE PEHLE PRABHU,hindi,D Major,major,high,74,37,success
805,193,I'M A PILGRIM AND A STRANGER,english,D Major,major,high,44,22,success
1172,194,MERE GUNAHON KO DHO DIYA,hindi,G Major,major,high,70,35,success
806,194,SOFTLY AND TENDERLY,english,D Major,major,high,108,54,success
807,195,THOU MY EVERLASTING PORTION,english,D Major,major,high,64,32,success
1173,195,YEH SANDESH SUNAO SAB KO,hindi,G Major,major,high,56,28,success
1174,196,APNI DULHAN KO LENE YESHU RAJA AAYEGA,hindi,D Major,major,high,66,33,success
808,196,I HAVE HEARD OF A LAND,english,D Major,major,high,56,28,success
1175,197,"EK TOOTE HUE DIL NE, TUJHKO HI PUKARA HAI",hindi,C Major,major,high,32,20,success
809,197,I'VE REACHED THE LAND OF CORN AND WINE,english,D Major,major,high,98,49,success
1176,198,MAN MANDIR MEIN BASNE WALA,hindi,D Major,major,high,112,56,success
810,198,THAT GOD SHOULD LOVE,english,D Major,major,high,104,52,success
811,199,DOWN FROM HIS GLORY,english,D Major,major,high,112,56,success
1177,199,"PYARO, HIMMAT BANDHO, AAGE BADHO",hindi,G Major,major,high,60,30,success
812,200,BLESSED ASSURANCE,english,D Major,major,high,84,42,success
1178,200,MAIN AATA HOON TERE PAAS,hindi,G Major,major,high,48,24,success
813,201,ONCE OUR BLESSED CHRIST OF BEAUTY,english,D Major,major,high,108,54,success
1179,201,YESHU TERA NAAM MERA SHARANSSTHAN,hindi,G Major,major,high,46,23,success
814,202,JESUS BREAKS EVERY FETTER,english,D Major,major,high,48,24,success
1180,202,"RAKTAM JAYAM, RAKTAM JAYAM",hindi,D Major,major,high,22,11,success
1181,203,KRUS HI HAI TERA NISHAN,hindi,G Major,major,high,34,17,success
815,203,WHEN I SAW THE CLEANSING FOUNTAIN,english,D Major,major,high,120,60,success
1182,204,LE CHAL MERI AATMA KO TU,hindi,C Major,major,high,22,16,success
816,204,WHAT A FRIEND,english,D Major,major,high,112,56,success
817,205,I AM BOUND FOR THE PROMISED LAND,english,D Major,major,high,102,51,success
1183,205,YESHU KE PEECHE MAIN CHALNE LAGA,hindi,G Major,major,high,26,13,success
1184,206,"ANAND HAI, ANAND HAI, ADBHUT ANAND HAI",hindi,G Major,major,high,46,23,success
818,206,THE GREAT PHYSICIAN,english,D Major,major,high,102,51,success
1185,207,MERE JEEVAN KA MAKSAD TU HAI,hindi,D Major,major,high,60,30,success
819,207,THERE IS COMING A DAY,english,D Major,major,high,44,22,success
820,208,JESUS KEEP ME NEAR THE CROSS,english,D Major,major,high,110,55,success
1186,208,YESHU MASIH TERE JAISA HAI KOI NAHIN,hindi,G Major,major,high,34,17,success
821,209,MY HOPE IS BUILT ON NOTHING LESS,english,D Major,major,high,110,55,success
1187,209,STUTI AARADHNA OOPAR JAATI HAI,hindi,G Major,major,high,20,10,success
1188,210,MAN TO PRABHU KA MANDIR HAI,hindi,G Major,major,high,50,25,success
822,210,PASS ME NOT,english,D Major,major,high,102,51,success
823,211,I'VE WANDERED FAR AWAY FROM GOD,english,D Major,major,high,100,50,success
1189,211,NAARE LAGAO AUR GAO RE,hindi,G Major,major,high,54,27,success
1190,212,AARADHNA HO AARADHNA,hindi,D Major,major,high,60,30,success
824,212,I WILL MEET YOU IN THE MORNING,english,D Major,major,high,88,44,success
1191,213,DUNIYA BANANE WALE TERI JAI HO,hindi,G Major,major,high,48,24,success
825,213,GOD BE WITH YOU,english,D Major,major,high,50,25,success
826,214,TAKE THE NAME OF JESUS WITH YOU,english,D Major,major,high,112,56,success
1192,214,"YESHU BULA RAHA, YESHU BULA RAHA",hindi,G Major,major,high,32,16,success
1193,215,"AATMA MANDRATA, AATMA MANDRATA",hindi,G Major,major,high,50,25,success
827,215,ON THAT BRIGHT AND GOLDEN MORNING,english,D Major,major,high,128,64,success
828,216,ALL GLORY TO GOD,english,D Major,major,high,136,68,success
1194,216,"MAHIMA HO TERI, MAHIMA HO TERI",hindi,G Major,major,high,24,12,success
1195,217,"HO TAIYAR, HO TAIYAR USKE LOGO",hindi,G Major,major,high,28,14,success
829,217,HOLY HOLY HOLY,english,D Major,major,high,96,48,success
1196,218,AI MERE MAN YEHOVA KO DHANYA DHANYA KAHO,hindi,D Major,major,high,92,46,success
830,218,THE ORIGINAL LIFE THE ORIGINAL SEED,english,D Major,major,high,160,80,success
831,219,JESUS YOU'RE THE SWEETEST NAME OF ALL,english,D Major,major,high,66,33,success
1197,219,MERA YESHU HAI KITNA MAHAN,hindi,G Major,major,high,76,38,success
832,220,BLESS THE LORD O MY SOUL,english,D Major,major,high,120,60,success
1198,220,YESHU KABHI NA CHODEGA,hindi,G Major,major,high,30,15,success
1199,221,MERA EK HI MITRA YESHU,hindi,G Major,major,high,70,35,success
833,221,SING THE WONDROUS LOVE OF JESUS,english,D Major,major,high,112,56,success
1200,222,"AAKHRI NARSINGA, PHOOKA JANE WALA HAI",hindi,G Major,major,high,50,25,success
834,222,LET THE DEW OF HEAVEN FALL,english,D Major,major,high,24,12,success
835,223,JESUS IS THE JOY OF LIVING,english,D Major,major,high,72,36,success
1201,223,YESHU TUNE MUJKHO BANAYA,hindi,G Major,major,high,30,15,success
836,224,SEEK YE FIRST THE KINGDOM OF GOD,english,D Major,major,high,98,49,success
1202,224,VANDANA KARTE HAIN HUM,hindi,D Major,major,high,50,25,success
1203,225,PRABHU PARMESHWAR TU KITNA BHALA HAI,hindi,G Major,major,high,50,25,success
837,225,THE FULNESS OF THE GODHEAD,english,D Major,major,high,54,27,success
1204,226,HO TERI STUTI AUR AARADHNA,hindi,G Major,major,high,64,32,success
838,226,REJOICE EVERMORE,english,D Major,major,high,54,27,success
1205,227,AAO GAO YESHU KE LIYE STUTI AUR MAHIMA,hindi,G Major,major,high,56,28,success
839,227,WE'VE GOT A GREAT BIG WONDERFUL GOD,english,D Major,major,high,76,38,success
840,228,THOU ART WORTHY,english,D Major,major,high,56,28,success
1206,228,"UTAR AA, UTAR AA, UTAR AA",hindi,D Major,major,high,58,29,success
1207,229,PHIR SE WO AAG BARSA DE,hindi,G Major,major,high,46,23,success
841,229,YOU ARE THE KING OF GLORY,english,D Major,major,high,62,31,success
842,230,INTO MY HEART,english,D Major,major,high,72,36,success
1208,230,PRARTHNA MEIN JO KUCH MANGA,hindi,G Major,major,high,48,24,success
843,231,LORD WE DESIRE TO SEEK THEE,english,D Major,major,high,106,53,success
1209,231,YESHU MERA RAJA YESHU MERA PRABHU,hindi,G Major,major,high,64,32,success
1210,232,MAIN TERE AAGE AAP CHALUNGA,hindi,G Major,major,high,66,33,success
844,232,THE SAVIOUR IS WAITING,english,D Major,major,high,66,33,success
845,233,I'VE BEEN REDEEMED,english,D Major,major,high,40,20,success
846,234,HE IS HERE,english,D Major,major,high,40,20,success
847,235,THOU DOST SEEK A BRIDE,english,D Major,major,high,112,56,success
848,236,JESUS IS THE ANSWER,english,D Major,major,high,76,38,success
849,237,WE ARE ONE IN THE SPIRIT,english,D Major,major,high,104,52,success
850,238,I WILL SING I WILL SING,english,D Major,major,high,52,26,success
851,239,JUST AS I AM,english,D Major,major,high,118,59,success
852,240,FAIREST LORD JESUS RULER OF ALL NATURE,english,D Major,major,high,102,51,success
853,241,IN THESE DAYS OF TRIALS SO NEAR THE END,english,D Major,major,high,96,48,success
854,242,THE LORD'S MY SHEPHERD,english,D Major,major,high,140,70,success
855,243,KING OF MY LIFE,english,D Major,major,high,148,74,success
856,244,OH WHAT A WONDERFUL WONDERFUL DAY,english,D Major,major,high,142,71,success
857,245,OUT OF MY BONDAGE,english,D Major,major,high,128,64,success
858,246,O WHAT A GIFT,english,D Major,major,high,172,86,success
859,247,O THE DEEP DEEP LOVE OF JESUS,english,D Major,major,high,124,62,success
860,248,O LORD ALL THE WORLD BELONGS TO YOU,english,D Major,major,high,108,54,success
861,249,TO GOD BE THE GLORY,english,D Major,major,high,72,36,success
862,250,I LOVE THE NAME OF JESUS,english,D Major,major,high,148,74,success
863,251,SHEPHERD OF LOVE,english,D Major,major,high,52,26,success
864,252,MAKE ME A CHANNEL OF YOUR PEACE,english,D Major,major,high,80,41,success
865,253,IT ONLY TAKES A SPARK,english,D Major,major,high,110,55,success
866,254,I WILL GIVE THANKS TO THEE,english,D Major,major,high,46,23,success
867,255,MAKING MELODY,english,D Major,major,high,82,41,success
868,256,CLAP YOUR HANDS TOGETHER,english,D Major,major,high,66,33,success
869,257,LET THE LORD HAVE HIS WAY,english,D Major,major,high,56,28,success
870,258,OH THIS IS LIKE HEAVEN TO ME,english,D Major,major,high,108,54,success
871,259,COUNT YOUR BLESSINGS,english,D Major,major,high,144,72,success
872,260,I DON'T KNOW ABOUT TOMORROW,english,D Major,major,high,144,75,success
873,261,IT'S THE HOLY GHOST AND FIRE,english,D Major,major,high,48,24,success
874,262,I'M PRESSING ON THE UPWARD WAY,english,D Major,major,high,138,69,success
875,263,O LORD OUR GOD,english,D Major,major,high,58,29,success
876,264,O GLORIOUS VICTORY,english,D Major,major,high,110,55,success
877,265,ALL IS WELL,english,D Major,major,high,128,64,success
878,266,AS THE DEER PANTETH,english,D Major,major,high,100,50,success
879,267,COME HOLY SPIRIT,english,D Major,major,high,96,48,success
880,268,FILL MY CUP LORD,english,D Major,major,high,108,54,success
881,269,GREAT AND MIGHTY IS THE LORD OUR GOD,english,D Major,major,high,206,103,success
882,270,I NEED THEE EVERY HOUR,english,D Major,major,high,112,56,success
883,271,IN HIS TIME,english,D Major,major,high,72,36,success
884,272,I'M LOOKING THROUGH A LOOKING GLASS,english,D Major,major,high,162,81,success
885,273,IS YOUR ALL ON THE ALTAR OF SACRIFICE LAID,english,D Major,major,high,140,70,success
886,274,I'D RATHER HAVE JESUS,english,D Major,major,high,104,52,success
887,275,HE IS JEHOVAH,english,D Major,major,high,54,27,success
888,276,YOUR LOVE IS TO ME,english,D Major,major,high,64,32,success
889,277,I HEAR THE SAVIOUR SAY,english,D Major,major,high,116,58,success
890,278,BLESSED BE THE FOUNTAIN OF BLOOD,english,D Major,major,high,136,68,success
891,279,WITHOUT HIM I CAN DO NOTHING,english,D Major,major,high,116,62,success
892,280,WALKING IN CLOSE UNION,english,D Major,major,high,124,62,success
893,281,HOLY HOLY HOLY HOLY,english,D Major,major,high,178,89,success
894,282,ALL FOR JESUS,english,D Major,major,high,104,52,success
895,283,BECAUSE HE LIVES I CAN FACE TOMORROW,english,D Major,major,high,138,69,success
896,284,MY JESUS I LOVE THEE,english,D Major,major,high,112,56,success
897,285,WHEN THE SPIRIT OF THE LORD,english,D Major,major,high,50,25,success
898,286,SAVIOUR LIKE A SHEPHERD LEAD US,english,D Major,major,high,152,76,success
899,287,COME AND GO WITH ME,english,D Major,major,high,20,10,success
900,288,BIND US TOGETHER,english,D Major,major,high,92,46,success
901,289,ISN'T HE WONDERFUL,english,D Major,major,high,20,10,success
902,290,DEEPER DEEPER,english,D Major,major,high,132,66,success
903,291,HEAR MY CRY O LORD,english,D Major,major,high,72,36,success
904,292,I FEEL THE PULL,english,D Major,major,high,120,60,success
905,293,SAY THEM OVER AGAIN TO ME,english,D Major,major,high,106,53,success
906,294,THE LORD IS MY SHEPHERD,english,D Major,major,high,126,63,success
907,295,STAND UP STAND UP FOR JESUS,english,D Major,major,high,174,87,success
908,296,GUIDE ME O THOU GREAT JEHOVAH,english,D Major,major,high,126,63,success
909,297,PEACE PERFECT PEACE,english,D Major,major,high,140,70,success
910,298,WHILE WE PRAY AND WHILE WE PLEAD,english,D Major,major,high,84,42,success
911,299,LOVE DIVINE,english,D Major,major,high,192,96,success
912,300,TRUST AND OBEY,english,D Major,major,high,154,79,success
608,301,PRAISE TO THE LORD,english,D Major,major,high,120,60,success
609,302,A WONDERFUL SAVIOUR IS JESUS MY LORD,english,D Major,major,high,124,62,success
610,303,THE CHURCH HAS ONE FOUNDATION,english,D Major,major,high,192,96,success
611,304,FACE TO FACE WITH CHRIST MY SAVIOUR,english,D Major,major,high,160,80,success
612,305,CAUSE ME TO COME TO THY RIVER,english,D Major,major,high,36,18,success
613,306,FOR AS TRULY AS I LIVE,english,D Major,major,high,54,27,success
614,307,GOD WILL MAKE A WAY,english,D Major,major,high,70,35,success
615,308,YOU ARE BEAUTIFUL BEYOND DESCRIPTION,english,D Major,major,high,98,50,success
616,309,ONE DAY AT A TIME,english,D Major,major,high,60,30,success
617,310,CALLED TO WALK IN THE WAY,english,D Major,major,high,136,68,success
618,311,HOSANNA HOSANNA,english,D Major,major,high,44,22,success
619,312,"GOD SAID ""SET MY PEOPLE FREE""",english,D Major,major,high,12,6,success
620,313,CELEBRATE JESUS CELEBRATE,english,D Major,major,high,22,13,success
621,314,GOD IS GOOD ALL THE TIME,english,D Major,major,high,86,43,success
622,315,O PERFECT LOVE,english,D Major,major,high,132,69,success
623,316,WE WILL WORSHIP THE MAKER,english,D Major,major,high,48,24,success
624,317,ABIDE WITH ME,english,D Major,major,high,128,67,success
625,318,OH LET THE SON OF GOD ENFOLD YOU,english,D Major,major,high,98,49,success
626,319,GIVE ME YOUR HAND LET'S AGREE TOGETHER,english,D Major,major,high,90,45,success
627,320,THE JOY OF THE LORD IS MY STRENGTH,english,D Major,major,high,54,27,success
628,321,MORE LOVE MORE POWER,english,G Major,major,high,32,16,success
629,322,PRAISE HIM PRAISE HIM JESUS OUR BLESSED REDEEMER,english,D Major,major,high,174,87,success
630,323,SOME TRUST IN CHARIOTS AND SOME IN HORSES,english,D Major,major,high,54,27,success
631,324,TAKE TIME TO BE HOLY,english,D Major,major,high,128,64,success
632,325,STANDING BY A PURPOSE TRUE,english,D Major,major,high,88,44,success
633,326,HOSANNA BLESSED BE THE NAME,english,D Major,major,high,34,17,success
634,327,I JUST WANT TO BE WHERE YOU ARE,english,D Major,major,high,76,41,success
635,328,I'VE BELIEVED THE TRUE REPORT,english,D Major,major,high,110,55,success
636,329,WHAT WE NEED IS THE PILLAR OF FIRE,english,D Major,major,high,134,67,success
637,330,I COME BEFORE YOU TODAY,english,D Major,major,high,84,42,success
638,331,I BELIEVE IN JESUS,english,D Major,major,high,78,42,success
639,332,HE'S MORE THAN ENOUGH,english,D Major,major,high,52,26,success
640,333,PURIFY MY HEART,english,D Major,major,high,84,43,success
641,334,IN THE PRESENCE OF JEHOVAH,english,D Major,major,high,16,8,success
642,335,HEAR OUR PRAYER,english,D Major,major,high,132,66,success
643,336,ALL THE WAY MY SAVIOR LEADS ME,english,D Major,major,high,184,98,success
644,337,SOME THROUGH THE WATERS SOME THROUGH THE FLOOD,english,D Major,major,high,92,46,success
645,338,HOLY SPIRIT THOU ART WELCOME IN THIS PLACE,english,D Major,major,high,52,26,success
646,339,WEâ€™LL WALK IN THE LIGHT,english,D Major,major,high,30,15,success
647,340,WHAT A FELLOWSHIP WHAT A JOY DIVINE,english,D Major,major,high,62,31,success
648,341,LETâ€™S GO UP TO ZION,english,D Major,major,high,14,7,success
649,342,THESE ARE THE DAYS OF ELIJAH,english,D Major,major,high,130,65,success
650,343,PRAISE YOU LORD FOR SAVING ME,english,D Major,major,high,156,78,success
651,344,COME THOU ALMIGHTY KING,english,D Major,major,high,106,53,success
652,345,I LIFT MY HANDS,english,D Major,major,high,56,28,success
653,346,BLESS THE LORD O MY SOUL,english,D Major,major,high,108,54,success
654,347,NO OTHER NAME,english,D Major,major,high,32,16,success
655,348,I CLAIM THE BLOOD,english,D Major,major,high,104,52,success
656,349,HIS NAME IS HIGHER,english,D Major,major,high,50,25,success
657,350,I AM CRUCIFIED WITH CHRIST,english,D Major,major,high,56,28,success
658,351,MASTER REDEEMER SAVIOUR OF THE WORLD,english,D Major,major,high,96,48,success
659,352,WHY WORRY WHEN YOU CAN PRAY,english,D Major,major,high,32,16,success
660,353,AS WE GATHER IN THIS PLACE TODAY,english,D Major,major,high,88,44,success
661,354,ANOINT ME WITH FRESH OIL,english,D Major,major,high,42,21,success
662,355,AS THE WORLD LOOKS UPON ME,english,D Major,major,high,56,28,success
663,356,YOU ARE MY REFUGE,english,D Major,major,high,82,41,success
664,357,BLESSED BE THE NAME OF THE LORD,english,D Major,major,high,44,22,success
665,358,GOD WILL TAKE CARE OF YOU,english,D Major,major,high,120,64,success
666,359,LEAD KINDLY LIGHT,english,D Major,major,high,116,58,success
667,360,REDEEMED HOW I LOVE TO PROCLAIM IT,english,D Major,major,high,154,77,success
668,361,IN TIMES LIKE THESE YOU NEED A SAVIOR,english,D Major,major,high,94,47,success
669,362,WE MAGNIFY YOUR NAME,english,D Major,major,high,44,22,success
670,363,THE BIRDS HAVE A NEST TO GO,english,D Major,major,high,130,65,success
671,364,I THE LORD THY GOD,english,D Major,major,high,64,32,success
672,365,BRING A PSALM TO THE LORD,english,D Major,major,high,90,45,success
673,366,NEARER MY GOD TO THEE,english,D Major,major,high,68,37,success
674,367,SAFE IN THE ARMS OF JESUS,english,D Major,major,high,106,53,success
675,368,LORD MAKE ME AN INSTRUMENT,english,D Major,major,high,64,32,success
676,369,I WILL SERVE THEE,english,D Major,major,high,54,27,success
677,370,PRECIOUS LORD TAKE MY HAND,english,D Major,major,high,96,53,success
678,371,I WILL NEVER FORGET YOU,english,D Major,major,high,50,25,success
679,372,JUST A CLOSER WALK,english,D Major,major,high,64,32,success
680,373,THERE IS A LAND OF MILK AND HONEY,english,D Major,major,high,108,54,success
681,374,I WANT TO WALK WITH JESUS CHRIST,english,D Major,major,high,180,90,success
682,375,BLESSINGS AND MORE BLESSINGS OVERTAKE ME,english,D Major,major,high,88,44,success
683,376,WHAT A DAY THAT WILL BE,english,D Major,major,high,92,46,success
684,377,BURDENS ARE LIFTED,english,D Major,major,high,68,34,success
3183,378,JEZU TUJIM UTRAM,konkani,N/A,N/A,N/A,0,0,skipped
3184,379,ZANNAIM TUM (Know Ye Not),konkani,N/A,N/A,N/A,0,0,skipped
3185,380,ARGAM TUKA SOMIA,konkani,N/A,N/A,N/A,0,0,skipped
3186,381,SORVESPORA DEVA,konkani,N/A,N/A,N/A,0,0,skipped
3187,382,TO MOJEM SOGLLEM DAIZ (He Is My Everything),konkani,N/A,N/A,N/A,0,0,skipped
3188,383,ASSONDHI MOG,konkani,N/A,N/A,N/A,0,0,skipped
3189,384,TUKA AMIM POLEUNK NAM,konkani,N/A,N/A,N/A,0,0,skipped
3190,385,VOI DEV BORO (YES GOD IS GOOD),konkani,N/A,N/A,N/A,0,0,skipped
3143,1001,** Above All Powers,english,N/A,N/A,N/A,0,0,skipped
3144,1002,"** Alive, Alive, Alive Forevermore",english,N/A,N/A,N/A,0,0,skipped
3145,1003,** All I Once Held Dear,english,N/A,N/A,N/A,0,0,skipped
3146,1004,"** Alleluia, For The Lord God Almighty Reigns",english,N/A,N/A,N/A,0,0,skipped
3147,1005,** Come Thou Fount Of Every Blessing,english,N/A,N/A,N/A,0,0,skipped
3148,1006,"** El Elah, Elohim",english,N/A,N/A,N/A,0,0,skipped
3149,1007,** Every Praise Is To Our God,english,N/A,N/A,N/A,0,0,skipped
3150,1008,** He Looked Beyond My Faults,english,N/A,N/A,N/A,0,0,skipped
3151,1009,** Here I Am To Worship,english,N/A,N/A,N/A,0,0,skipped
3152,1010,** I Enter The Holy Of Holies,english,N/A,N/A,N/A,0,0,skipped
3153,1011,** Holy Words Long Preserved,english,N/A,N/A,N/A,0,0,skipped
3154,1012,** I Know The Master Of The Winds,english,N/A,N/A,N/A,0,0,skipped
3155,1013,** I'll Sing Praises To You Name,english,N/A,N/A,N/A,0,0,skipped
3156,1014,** In Your Presence,english,N/A,N/A,N/A,0,0,skipped
3157,1016,** No Longer Slaves,english,N/A,N/A,N/A,0,0,skipped
3158,1017,** Lord I Come To Thee,english,N/A,N/A,N/A,0,0,skipped
3159,1018,** Our God Is An Awesome God,english,N/A,N/A,N/A,0,0,skipped
3160,1019,** Take Me Past The Outer Court,english,N/A,N/A,N/A,0,0,skipped
3161,1020,** Still (Hide Me Now),english,N/A,N/A,N/A,0,0,skipped
3162,1021,** Open The Eyes Of My Heart,english,N/A,N/A,N/A,0,0,skipped
3163,1022,"** Thank You For The Cross, Lord",english,N/A,N/A,N/A,0,0,skipped
3164,1023,** Lord I Lift Your Name On High,english,N/A,N/A,N/A,0,0,skipped
3165,1024,** Sometimes Hallelujah,english,N/A,N/A,N/A,0,0,skipped
3166,1025,** What shall I render unto Jehovah,english,N/A,N/A,N/A,0,0,skipped
3167,1026,** In Christ Alone my Hope is found,english,N/A,N/A,N/A,0,0,skipped
3168,1027,** Goodness of God | I Love you Lord,english,N/A,N/A,N/A,0,0,skipped
3169,1028,** He Knows my Name,english,N/A,N/A,N/A,0,0,skipped
3170,1029,** Hallowed be Thy Name,english,N/A,N/A,N/A,0,0,skipped
3171,1030,** You deserve the glory,english,N/A,N/A,N/A,0,0,skipped
3172,1031,"** Shout to the Lord, all the earth let us sing",english,N/A,N/A,N/A,0,0,skipped
3173,1032,** Give me that old time religion,english,N/A,N/A,N/A,0,0,skipped
3174,1033,** I come to the garden alone,english,N/A,N/A,N/A,0,0,skipped
3175,1034,** This is the Air I Breathe,english,N/A,N/A,N/A,0,0,skipped
3176,1035,"** I will celebrate, sing unto the Lord",english,N/A,N/A,N/A,0,0,skipped
3177,1036,** Will the circle be unbroken,english,N/A,N/A,N/A,0,0,skipped
3178,1037,"** Welcome Holy Spirit, be here with Your Presence",english,N/A,N/A,N/A,0,0,skipped
3179,1038,** Thank you Lord for your blessings on me!,english,N/A,N/A,N/A,0,0,skipped
3096,1501,माझा येशु मला प्रिय फार,marathi,N/A,N/A,N/A,0,0,skipped
3097,1502,तुझंसा कोणी नाही,marathi,N/A,N/A,N/A,0,0,skipped
3098,1503,तारक तो सामर्थ्य तो,marathi,N/A,N/A,N/A,0,0,skipped
3099,1504,तुझी दया सनातन आहे,marathi,N/A,N/A,N/A,0,0,skipped
3100,2001,** आसमान भी टल जायेगा,hindi,N/A,N/A,N/A,0,0,skipped
3101,2002,"** क्या दे सकता हूँ, क्या ला सकता हूँ",hindi,N/A,N/A,N/A,0,0,skipped
3102,2003,** Dhanyawad ke saath stuti gaunga,hindi,N/A,N/A,N/A,0,0,skipped
3103,2004,** Aaradhana me hai chutkara,hindi,N/A,N/A,N/A,0,0,skipped
3104,2005,हे स्वर्गीय पिता,hindi,N/A,N/A,N/A,0,0,skipped
3105,2006,"हाल्लेलुयाह, हाल्लेलुयाह, हम गाते है बारंबार",hindi,N/A,N/A,N/A,0,0,skipped
3106,2007,येसु नाम मिला,hindi,N/A,N/A,N/A,0,0,skipped
3107,2008,धन्य धन्य येशु नाम,hindi,N/A,N/A,N/A,0,0,skipped
3108,2009,"तेरी स्तुति मै करूँ, आराधना करूँ",hindi,N/A,N/A,N/A,0,0,skipped
3109,2010,जाता मैं जाता कहाँ तू ही है मेरा खुदा,hindi,N/A,N/A,N/A,0,0,skipped
3110,2011,यीशु तू है सबसे महान,hindi,N/A,N/A,N/A,0,0,skipped
3111,2012,"तेरे बिन, मै कुछ भी नही",hindi,N/A,N/A,N/A,0,0,skipped
3112,2013,कैसे मै तेरी महिमा गाऊं,hindi,N/A,N/A,N/A,0,0,skipped
3113,2014,तेरी इनायत हमपर हुई है,hindi,N/A,N/A,N/A,0,0,skipped
3114,2015,रोशनी है तेरी सबसे महान,hindi,N/A,N/A,N/A,0,0,skipped
3115,2016,उस क्रूस की क्या बात है,hindi,N/A,N/A,N/A,0,0,skipped
3116,2017,"तेरी महिमा गाये, हाल्लेलुयाह",hindi,N/A,N/A,N/A,0,0,skipped
3117,2018,"यीशु, यीशु तू सबसे है महान",hindi,N/A,N/A,N/A,0,0,skipped
3118,2019,येशु तेरे करीब आने से,hindi,N/A,N/A,N/A,0,0,skipped
3119,2020,मेरे छोटे हृदय से,hindi,N/A,N/A,N/A,0,0,skipped
3120,2021,हे प्रभु यीशु इन दोनों पर,hindi,N/A,N/A,N/A,0,0,skipped
3121,2022,यीशु ने दि है शिफा,hindi,N/A,N/A,N/A,0,0,skipped
3122,2023,आराधनायेशु तुझे,hindi,N/A,N/A,N/A,0,0,skipped
3123,2024,तुमसा कोई नहीं,hindi,N/A,N/A,N/A,0,0,skipped
3124,2025,हमको मिला है ये जिंदगी,hindi,N/A,N/A,N/A,0,0,skipped
3125,2026,** Uske phatako me pravesh karunga,hindi,N/A,N/A,N/A,0,0,skipped
3126,2027,** Chottey bachho ko paas aane do,hindi,N/A,N/A,N/A,0,0,skipped
3127,2028,** Tere Bina mai kuch bhi nahi hu,hindi,N/A,N/A,N/A,0,0,skipped
3128,2029,"** Dhanyawad kare, Prabhu ki mahima kare",hindi,N/A,N/A,N/A,0,0,skipped
3129,2030,"** Tere paas, aataa hu",hindi,N/A,N/A,N/A,0,0,skipped
3130,2031,"** Kuch nahi, Kuch nahi chahiye Yeshu",hindi,N/A,N/A,N/A,0,0,skipped
3131,2032,** Bhavan ke beech mey | Chattan,hindi,N/A,N/A,N/A,0,0,skipped
3132,2033,** Gin Gin ke stuti karu,hindi,N/A,N/A,N/A,0,0,skipped
3133,2034,** Teri taarif hO,hindi,N/A,N/A,N/A,0,0,skipped
3134,2035,इक आग हर दिल में,hindi,N/A,N/A,N/A,0,0,skipped
3135,2036,यीशु मेरे दिल में आ,hindi,N/A,N/A,N/A,0,0,skipped
3136,2037,"पवित्र अति पवित्र , स्थान में ले चल प्रभु",hindi,N/A,N/A,N/A,0,0,skipped
3137,2038,मैं हाथ उठाकर गाऊँगा,hindi,N/A,N/A,N/A,0,0,skipped
3138,2039,"पवित्र मुझे बना दे प्रभु,",hindi,N/A,N/A,N/A,0,0,skipped
3139,2040,"तेरे जैसा कौन है, |एलशदाई आराधना",hindi,N/A,N/A,N/A,0,0,skipped
3140,2041,"ले गया मेरे गुनाह, और मुझको जीवन दे गया",hindi,N/A,N/A,N/A,0,0,skipped
3141,2042,"मेरे जीवन में यीशु तेरा नाम, जलाल पाता रहे",hindi,N/A,N/A,N/A,0,0,skipped
3142,2043,"चले हो तुम खुदा के साथ, रास्ता संकरा है",hindi,N/A,N/A,N/A,0,0,skipped
