Song ID,Song Number,Title,Current Key,Reference Key,Interval,Status
979,1,AAJ KA DIN YEHOVA NE BANAYA HAI,,,0,Reference Missing
913,1,SPIRIT OF THE LIVING GOD,F,F,0,Already Correct
587,1,"ख्रिस्त माझा, तो सर्वांचा, या नमा त्याला",,,0,Reference Missing
980,2,JO KROOS PE QURBAN HAI,,,0,Reference Missing
914,2,SET MY SPIRIT FREE,G,G,0,Already Correct
588,2,धन्यवाद येशूला,,,0,Reference Missing
981,3,NAYA JEEVAN MIL GAYA,,,0,Reference Missing
549,3,SWEEP OVER MY SOUL,D,D,0,Already Correct
589,3,किती आनंद हा स्वर्गीय आनंद हा,,,0,Reference Missing
982,4,MUKTI DILAYE YESHU NAAM,,,0,Reference Missing
685,4,THE WINDOWS OF HEAVEN,C,C,0,Already Correct
590,4,प्रति दिनी प्रति वेळी काही घडू दे,,,0,Reference Missing
686,5,BLESS THE LORD O MY SOUL,G,C,5,Transposed
983,5,"YESHU NE KAHA ""JEEVAN KI ROTI""",,,0,Reference Missing
591,5,या सर्व मिळूनी गाऊ गीत वैभवी ख्रिस्ताचे,,,0,Reference Missing
687,6,GREAT IS THE LORD,G,G,0,Already Correct
984,6,YESHU KA NAAM HAI SARE ZAMEEN PAR,,,0,Reference Missing
592,6,"ख्रिस्त माझा तारणारा, मला वाटे प्रिय फार",,,0,Reference Missing
688,7,I KNOW IT WAS THE BLOOD,C,C,0,Already Correct
985,7,"VANDE PRABHU, VANDE MASIEH",,,0,Reference Missing
593,7,"हर्ष वाटतो, बहुत हर्ष वाटतो",,,0,Reference Missing
689,8,BURN BURN HOLY SPIRIT,D,D,0,Already Correct
986,8,HAR DIN NAYI ASHA KA,,,0,Reference Missing
594,8,तुझे वात्सल्य जीवनाहून श्रेष्ठ,,,0,Reference Missing
987,9,AAYE HAIN HUM TERE CHARANO MEIN,,,0,Reference Missing
690,9,HIS NAME IS WONDERFUL,D,D,0,Already Correct
595,9,स्तुती-स्तुती करूया उपकार स्तुती करूया,,,0,Reference Missing
691,10,FROM GLORY TO GLORY,G,G,0,Already Correct
988,10,SIYON DESH HUMARA HAI,,,0,Reference Missing
596,10,"क्रुसास येशु टांगला, अर्पिलेला कोकरा",,,0,Reference Missing
989,11,HUM AAYE HAI TERE SHARAN MEIN,,,0,Reference Missing
692,11,Iâ€™LL PRAISE HIS NAME,D,D,0,Already Correct
597,11,"स्तव तुझा करू धावा, हे सुखाच्या उगमा",,,0,Reference Missing
990,12,HUM TO JALTE DEEP HAI,,,0,Reference Missing
915,12,ITâ€™S A LOVELY LOVELY NAME,G,D,7,Transposed
598,12,"येशु माझा मेंढपाळ, आम्ही त्याची मेंढरे",,,0,Reference Missing
693,13,IN THE NAME OF JESUS,G,D,7,Transposed
991,13,JAI DENE WALE PRABHU YESHU KO,,,0,Reference Missing
599,13,"धन्य हो धन्य येशु माझा, (Blessed Assurance)",,,0,Reference Missing
694,14,ALL OVER THE WORLD,G,C,5,Transposed
992,14,PRABHU MERA JEEVAN TUNE,,,0,Reference Missing
600,14,"तू बोलावीलें सेवा कराया, प्रभु, आलों आनंदे, (I Am Thine O Lord)",,,0,Reference Missing
993,15,PYARA YESHU KA PAIGAM,,,0,Reference Missing
561,15,REJOICE IN THE LORD,G,D,7,Transposed
601,15,होईल वृष्टि कृपेची (There Shall Be Showers),,,0,Reference Missing
695,16,Iâ€™LL SAY â€œYESâ€,D,G,5,Transposed
994,16,SHARON KA GULAB HAI TU,,,0,Reference Missing
602,16,"वंदा, वंदा तारक प्रभु येशूला ! (Praise Him Praise Him)",,,0,Reference Missing
995,17,NEELE AASMAN KE PAAR JAYENGE,,,0,Reference Missing
916,17,WE ARE GATHERING TOGETHER,G,G,0,Already Correct
603,17,"प्रभू ख्रिस्ता कृपामय, मला तूंचि हो आश्रय; (Rock Of Ages)",,,0,Reference Missing
917,18,TO BE LIKE JESUS,G,D,7,Transposed
996,18,UTHATE HAIN TERA NAAM,,,0,Reference Missing
604,18,"दिव्य तेजे प्रकाशीत स्थळ, (There's A Land That Is Fairer)",,,0,Reference Missing
696,19,ITâ€™S NOT BY MIGHT,G,Dm,10,Transposed
997,19,USNE DAKHRAS AUR TEL UNDELA,,,0,Reference Missing
605,19,"येशूच्या रक्ते भरले, धुण्याचे कुंड जाण (There Is A Fountain)",,,0,Reference Missing
998,20,HUM YESHU KE SANG EK DIN,,,0,Reference Missing
697,20,Iâ€™VE FOUND A NEW WAY OF LIVING,D,D,0,Already Correct
606,20,"कोण मित्र येशुवाणी, सारें ओझे वाहाया ? (What A Friend We Have In Jesus)",,,0,Reference Missing
567,21,WITH MY HANDS LIFTED UP,D,D,0,Already Correct
999,21,YAHOVA KI STUTI KARO,,,0,Reference Missing
607,21,"येशूची सेवा आवडे, गेलो सुवेळी त्याकडे, (O Happy Day)",,,0,Reference Missing
698,22,I WILL SING OF THE MERCIES OF THE LORD,G,D,7,Transposed
1000,22,YESHU HAI SACCHA GADARIYA,,,0,Reference Missing
699,23,THEREFORE THE REDEEMED OF THE LORD,G,G,0,Already Correct
1001,23,VACHAN TERA HE PRABHU,,,0,Reference Missing
700,24,COVER ME COVER ME,G,D,7,Transposed
1002,24,KHUL JAYEGI KITABE,,,0,Reference Missing
701,25,LIFT JESUS HIGHER,G,D,7,Transposed
1003,25,TERI ICCHA POORI HO JAYE,,,0,Reference Missing
1004,26,"AAWAZ UTHAYENGE, HUM SAAZ BAYAYENGE",,,0,Reference Missing
702,26,HE IS THE SAME UNCHANGING JESUS,G,C,5,Transposed
1005,27,AADI AUR ANT TU HI HAI,,,0,Reference Missing
703,27,JEHOVAH JIREH,G,Em,0,Transposed
1006,28,ASHISH TUJHSE CHAHTE HAIN,,,0,Reference Missing
704,28,FROM THE RISING OF THE SUN,G,D,7,Transposed
705,29,EVERYBODY OUGHT TO KNOW,G,F,10,Transposed
1007,29,GHATAYON PAR SAWAR HOKAR,,,0,Reference Missing
706,30,SING ALLELUJAH TO THE LORD,D,Am,10,Transposed
1008,30,ZINDAGI MERI BADAL GAYI,,,0,Reference Missing
707,31,I WILL SING UNTO THE LORD,G,D,7,Transposed
1009,31,JAI JAI PRABHU YESHU KI,,,0,Reference Missing
708,32,I WILL ENTER HIS GATES,G,D,7,Transposed
1010,32,JAB SE PYARA YESHU AAYA,,,0,Reference Missing
579,33,COME AND PRAISE HIM,C,D,2,Transposed
1011,33,JAYENGE UTTAM DESH MEIN ZAROOR,,,0,Reference Missing
709,34,COME INTO HIS PRESENCE SINGING,G,C,5,Transposed
1012,34,"DHANYA DHANYA TUJKHO, PRABHU HUM KAHTE BAAR BAAR",,,0,Reference Missing
918,35,BLESS THE LORD O MY SOUL,G,C,5,Transposed
1013,35,"DHARTI AKASH DONON, PRABHU KI AAWAZ SUNENGE",,,0,Reference Missing
582,36,JESUS TAKE ME AS I AM,C,D,2,Transposed
1014,36,PRABHU MAHAN VICHARUN KARYA TERE,,,0,Reference Missing
1015,37,PARAM PITA KI HUM STUTI GAYEN,,,0,Reference Missing
919,37,WHEN I FEEL THE TOUCH,G,D,7,Transposed
710,38,I THANK YOU JESUS FOR YOUR LOVE TO ME,G,D,7,Transposed
1016,38,PAAP KA BANDHAN TODA GAYA,,,0,Reference Missing
711,39,I'VE TAKEN MY HARP DOWN,G,G,0,Already Correct
1017,39,PRABHU TERE NAM KE LIYE,,,0,Reference Missing
1018,40,TERI ARADHANA KARUN,,,0,Reference Missing
586,40,THANK YOU GOD,C,D,2,Transposed
920,41,LET THE BEAUTY OF JESUS,,,0,Manual Review Required
1019,41,TERE PAAP DHUL SAKENGE,,,0,Reference Missing
1020,42,DEKHO DEKHO KOI AA RAHA HAI,,,0,Reference Missing
921,42,TURN YOUR EYES UPON JESUS,,,0,Manual Review Required
922,43,I HAVE DECIDED TO FOLLOW JESUS,,,0,Manual Review Required
1021,43,PAWAN HAI WOH PRABHU HAMARA,,,0,Reference Missing
1022,44,BOLO JAI MILKAR JAI,,,0,Reference Missing
923,44,I WANT TO WORSHIP THE LORD,,,0,Manual Review Required
1023,45,MERE GEETON KA VISHAY,,,0,Reference Missing
924,45,THIS IS THE DAY,,,0,Manual Review Required
925,46,GIVE ME OIL IN MY LAMP,,,0,Manual Review Required
1024,46,MAN KA DEEP JALA,,,0,Reference Missing
926,47,I WAS GLAD WHEN THEY SAID UNTO ME,,,0,Manual Review Required
1025,47,MERE DIL MEIN NAYA GANA,,,0,Reference Missing
1026,48,MAIN YESHU KE NOOR MEIN SAATH CHALUNGA,,,0,Reference Missing
927,48,PRAISE HIM PRAISE HIM,,,0,Manual Review Required
928,49,JESUS TOOK MY BURDENS,,,0,Manual Review Required
1027,49,MAHIMA SE TU JO BHARA HUA,,,0,Reference Missing
929,50,JESUS NAME ABOVE ALL NAMES,,,0,Manual Review Required
1028,50,YESHU SALEEB PAR MUA,,,0,Reference Missing
930,51,I WILL EXTOL YOU MY GOD,,,0,Manual Review Required
1029,51,YESHU NE APNA KHOON BAHAKE,,,0,Reference Missing
931,52,LET THERE BE LOVE,,,0,Manual Review Required
1030,52,YAHOVA CHARVAHA MERA,,,0,Reference Missing
932,53,FOR THOU O LORD,,,0,Manual Review Required
1031,53,RAJAON KA RAJA YESHU RAJA,,,0,Reference Missing
933,54,BY HIS WORD,,,0,Manual Review Required
1032,54,RABB KI HOWE SANNA HAMESHA,,,0,Reference Missing
934,55,FATHER WE LOVE / WORSHIP YOU,,,0,Manual Review Required
1033,55,HUM MASIHI RAHI,,,0,Reference Missing
1034,56,SARI SRISHTI KE MALIK TUMHI HO,,,0,Reference Missing
935,56,WHOM I HAVE IN HEAVEN,,,0,Manual Review Required
1035,57,HALLELUYA STUTI GAYE HUM,,,0,Reference Missing
936,57,IT IS NO SECRET,,,0,Manual Review Required
937,58,ALL HAIL KING JESUS,,,0,Manual Review Required
1036,58,HE DULHAN HO TAIYAR,,,0,Reference Missing
938,59,LET THE BOOK LIVE,,,0,Manual Review Required
1037,59,"MERE PRABHUJI, TUHI HAI SAHARA",,,0,Reference Missing
939,60,ALMIGHTY GOD,,,0,Manual Review Required
1038,60,SAMPOORN JEEVAN MERA,,,0,Reference Missing
940,61,CHANGE MY HEART O LORD,,,0,Manual Review Required
1039,61,SUN LO MERE BHAIYON,,,0,Reference Missing
1040,62,AE HAMARE BAAP,,,0,Reference Missing
941,62,FLOW THROUGH ME,,,0,Manual Review Required
1041,63,BANE RAHO TUM,,,0,Reference Missing
942,63,GOD RICH IN MERCY,,,0,Manual Review Required
943,64,HE IS MY EVERYTHING,,,0,Manual Review Required
1042,64,YESHU RAJA HO MALIK TUM MERE,,,0,Reference Missing
944,65,GOD IS GOOD TO ME,,,0,Manual Review Required
1043,65,PAVITRA ATMA AA,,,0,Reference Missing
945,66,GIVE THANKS,,,0,Manual Review Required
1044,66,KHUSHI HI KHUSHI HAI,,,0,Reference Missing
712,67,THY LOVING KINDNESS,,,0,Manual Review Required
1045,67,YAHOVA NISSI,,,0,Reference Missing
946,68,HE'S A MIRACLE-WORKING GOD,,,0,Manual Review Required
1046,68,MILKAR HUM SANNA TERI GATE,,,0,Reference Missing
947,69,HE IS LORD HE IS LORD,,,0,Manual Review Required
1047,69,KRUS KI KAHANI BHI KYA AJEEB HAI,,,0,Reference Missing
1048,70,AADI MEIN VACHAN THA,,,0,Reference Missing
948,70,WE BRING A SACRIFICE,,,0,Manual Review Required
1049,71,COKE QURBAN HAR GUNAH SE,,,0,Reference Missing
949,71,IN MOMENTS LIKE THESE,,,0,Manual Review Required
1050,72,ANAND SE GEET GAO,,,0,Reference Missing
950,72,IT'S YOUR BLOOD,,,0,Manual Review Required
1051,73,HO SHUKRIYA KHUDA KA,,,0,Reference Missing
951,73,JESUS WE ENTHRONE YOU,,,0,Manual Review Required
952,74,KNOW YE NOT,,,0,Manual Review Required
1052,74,PRABHU KA ANAND HAI MERI TAQAT,,,0,Reference Missing
953,75,LET YOUR WORD BE BORN,,,0,Manual Review Required
1053,75,SABSE UNCHA NAAM PRABHU,,,0,Reference Missing
954,76,MAJESTY WORSHIP HIS MAJESTY,,,0,Manual Review Required
1054,76,YESHU HAI MERA MUKTIDHAM,,,0,Reference Missing
1055,77,DIL MERA LE LE PYARE YESHU,,,0,Reference Missing
955,77,OPEN MY EYES LORD,,,0,Manual Review Required
956,78,THANK YOU THANK YOU JESUS,,,0,Manual Review Required
1056,78,YESHU NAAM MEIN UDDHAR HUMKO,,,0,Reference Missing
1057,79,RAHON MEIN KANTE AGAR HO,,,0,Reference Missing
957,79,STAND BY ME,,,0,Manual Review Required
1058,80,APNA DIL KHOLO BAND NA KARO,,,0,Reference Missing
958,80,VICTORY IS MINE,,,0,Manual Review Required
1059,81,LE CHAL HUME TU PAVITRA ATMA,,,0,Reference Missing
959,81,WHAT A MIGHTY GOD,,,0,Manual Review Required
1060,82,AA YESHU PASS AA,,,0,Reference Missing
960,82,WE ARE HERE TO PRAISE YOU,,,0,Manual Review Required
1061,83,JEEVAN SE BEHTAR KARUNA TERI,,,0,Reference Missing
961,83,WHEN I LOOK INTO YOUR HOLINESS,,,0,Manual Review Required
1062,84,ARADHANA HUM YESHU KI KARE,,,0,Reference Missing
962,84,YOU ARE MY HIDING PLACE,,,0,Manual Review Required
963,85,EVERY PROMISE,,,0,Manual Review Required
1063,85,SHUNYA SE LEKAR TUNE MUJHE,,,0,Reference Missing
1064,86,"ANUGRAH, ANUGRAH, ANUGRAH",,,0,Reference Missing
964,86,FATHER IN HEAVEN,,,0,Manual Review Required
965,87,I'M FOLLOWING JESUS,,,0,Manual Review Required
1065,87,YESHU KO MEIN SAB KUCH DETA,,,0,Reference Missing
966,88,COME BLESS THE LORD,,,0,Manual Review Required
1066,88,PRABHU TERA HUN TERE VACHAN SE,,,0,Reference Missing
967,89,SHACKLED BY A HEAVY BURDEN,,,0,Manual Review Required
1067,89,"YEHOVA YIRE, UPAYA KARNE WALE",,,0,Reference Missing
1068,90,CHHOD NA MUJHE PYARE YESHU,,,0,Reference Missing
968,90,FOR I'M BUILDING A PEOPLE OF POWER,,,0,Manual Review Required
1069,91,HOVEGI BARKAT KI BARISH,,,0,Reference Missing
969,91,LET THE REDEEMED,,,0,Manual Review Required
1070,92,MAIN JAB PUKARU TUJHE,,,0,Reference Missing
970,92,UNTO THEE O LORD,,,0,Manual Review Required
1071,93,SADA MEIN STUTI KARUNGA,,,0,Reference Missing
971,93,THANK YOU JESUS,,,0,Manual Review Required
972,94,JUST ONE MORE TIME,,,0,Manual Review Required
1072,94,KUS KE PASS TU MUJHE RAKH,,,0,Reference Missing
1073,95,APNE GHUTNON PE HUM AAKAR,,,0,Reference Missing
973,95,HOLY SPIRIT WE WELCOME YOU,,,0,Manual Review Required
974,96,LET'S TALK ABOUT JESUS,,,0,Manual Review Required
1074,96,MERI PYASI ANKHE,,,0,Reference Missing
975,97,BLESSED BE THE NAME OF THE LORD,,,0,Manual Review Required
1075,97,SWARGIYA ASHISH DE,,,0,Reference Missing
976,98,HE CARETH FOR YOU,,,0,Manual Review Required
1076,98,SARE JAGAT SE PYAR KIYA,,,0,Reference Missing
977,99,AH LORD GOD,,,0,Manual Review Required
1077,99,PRABHU TU HAI CHANDI SE BHI KIMTI,,,0,Reference Missing
1078,100,AMBAR BHI NAYA,,,0,Reference Missing
978,100,WE HAVE COME INTO HIS HOUSE,,,0,Manual Review Required
713,101,HE BROUGHT ME TO HIS BANQUETING TABLE,,,0,Reference Missing
1079,101,HE YEHOVA BAL MERE,,,0,Reference Missing
1080,102,DHARA JO BAHTI SALIB SE,,,0,Reference Missing
714,102,I'VE GOT THE JOY DOWN IN MY HEART,D,G,5,Transposed
715,103,I'M SO GLAD JESUS SET ME FREE,,,0,Reference Missing
1081,103,O AKASH AUR SURYA CHANDRAMA,,,0,Reference Missing
716,104,ALL HEAVENS DECLARE,,,0,Reference Missing
1082,104,YESHU MASIH NE MUJHE,,,0,Reference Missing
1083,105,BOJH SABKE GUNAH KA UTHAKAR,,,0,Reference Missing
717,105,JESUS WHAT A WONDER YOU ARE,,,0,Reference Missing
1084,106,GAR TUM KHAMOSH RAHOGE TO,,,0,Reference Missing
718,106,O COME LET US ADORE HIM,,,0,Reference Missing
1085,107,AA PAVITRA ATMA TU AA JA,,,0,Reference Missing
719,107,SHUT IN WITH GOD,,,0,Reference Missing
720,108,GLORY JESUS GLORY,,,0,Reference Missing
1086,108,HA S S HALLELUJAH MILKAR GAYE,,,0,Reference Missing
721,109,HEAVENLY FATHER,,,0,Reference Missing
1087,109,MAHIMA DENGE TUJHKO PRABHU,,,0,Reference Missing
1088,110,DHANYAVAD DHANYAVAD DHANYAVAD,,,0,Reference Missing
722,110,GIVE HEED TO MY WORDS O LORD,D,C,10,Transposed
1089,111,PRARTHNA MEIN JO BHI MANGE,,,0,Reference Missing
723,111,TAKE UP YOUR CROSS,,,0,Reference Missing
724,112,HAVE YOUR WAY,,,0,Reference Missing
1090,112,MERE DIL MEIN YESHU AAYA,,,0,Reference Missing
1091,113,AAO MILKAR GAYE,,,0,Reference Missing
725,113,HALLELUJAH MY FATHER,,,0,Reference Missing
1092,114,"AE DUNIYA KE LOGO, UNCHI AWAZ KARO",,,0,Reference Missing
726,114,HE'S SETTING ME FREE,,,0,Reference Missing
1093,115,SATH YESHU KA MIL JAYE TO,,,0,Reference Missing
727,115,THE MOVE IS ON,,,0,Reference Missing
1094,116,HAI KHUDAKI YE TAMANNA,,,0,Reference Missing
728,116,WE ARE STANDING ON HOLY GROUND,,,0,Reference Missing
1095,117,"TERA LAHU, TERA LAHU",,,0,Reference Missing
729,117,THE ANGEL IS HERE RIGHT NOW,,,0,Reference Missing
730,118,GOD FORGAVE MY SIN IN JESUS' NAME,D,D,0,Already Correct
1096,118,MAHIMA KE KHUDA PRABHU YESHU MASIH,,,0,Reference Missing
731,119,LORD GIVE ME ALSO SPRINGS OF WATER,,,0,Reference Missing
1097,119,MAIN PAPI HUN PRABHUJI,,,0,Reference Missing
732,120,AMAZING GRACE,,,0,Reference Missing
1098,120,YESHU MASIH HAMARA RAJA HAI,,,0,Reference Missing
1099,121,GATA RAHE MERA DIL,,,0,Reference Missing
733,121,THEY COME FROM THE EAST AND WEST,,,0,Reference Missing
734,122,FEAR NOT LITTLE FLOCK,,,0,Reference Missing
1100,122,SUNO SUNO YESHU AYEGA,,,0,Reference Missing
735,123,I LOVE HIM I LOVE HIM,D,D,0,Already Correct
1101,123,JANAM PANI SE LENA HOGA,,,0,Reference Missing
1102,124,AE SHAHON KE SHAHENSHAH,,,0,Reference Missing
736,124,SWEET HOUR OF PRAYER,,,0,Reference Missing
737,125,I AM THINKING OF THE RAPTURE,,,0,Reference Missing
1103,125,KALISIYA KARTI INTEZAR,,,0,Reference Missing
1104,126,KHRIST YESHU DAYALU PRABHU,,,0,Reference Missing
738,126,TEACH ME LORD TO WAIT DOWN ON MY KNEES,,,0,Reference Missing
739,127,OH HOW I LOVE JESUS,D,D,0,Already Correct
1105,127,TERE SANMUKH SHISH NAWATE,,,0,Reference Missing
740,128,AM I A SOLDIER OF THE CROSS,,,0,Reference Missing
1106,128,MASIH NE MERE LIYE KYA KIYA,,,0,Reference Missing
1107,129,CHALE JANA HAI DUR SE DUR TAK,,,0,Reference Missing
741,129,MARVELOUS GRACE,,,0,Reference Missing
742,130,WE'RE MARCHING TO ZION,,,0,Reference Missing
1108,130,"YOGYA KEVAL TU, YOGYA KEVAL TU",,,0,Reference Missing
1109,131,KITNA HASIN VADA HAI YE,,,0,Reference Missing
743,131,SEARCH ME O GOD,,,0,Reference Missing
744,132,MY SHEEP KNOW MY VOICE,,,0,Reference Missing
1110,132,YESHU KA LAHU SARE PAPON SE SHUDDH KARTA HUMEIN,,,0,Reference Missing
745,133,ONWARD CHRISTIAN SOLDIERS,,,0,Reference Missing
1111,133,YESHU AAP RAHENGE SATH,,,0,Reference Missing
746,134,MY FAITH LOOKS UP TO THEE,,,0,Reference Missing
1112,134,SENAON KA YEHOVA HAMARE SANG SANG HAI,,,0,Reference Missing
747,135,I CARE NOT TODAY WHAT THE MORROW MAY BRING,,,0,Reference Missing
1113,135,YESHU KA NAAM SUKHADAYI,,,0,Reference Missing
748,136,I SURRENDER ALL,,,0,Reference Missing
1114,136,TU PYAR KA SAGAR,,,0,Reference Missing
1115,137,KUCH MILE YA NA MILE,,,0,Reference Missing
749,137,LET ME WALK BLESSED LORD,,,0,Reference Missing
1116,138,HO LENGE HUM YESHU KE SANG,,,0,Reference Missing
750,138,STANDING ON THE PROMISES,,,0,Reference Missing
1117,139,GAUNGA MAIN TERE HI GEET,,,0,Reference Missing
751,139,LEAD ME ON HOLY SPIRIT,,,0,Reference Missing
1118,140,AAO HUM YEHOVA KA DHANYAWAD KAREIN,,,0,Reference Missing
752,140,ROCK OF AGES,,,0,Reference Missing
1119,141,DAYEIN NA BAYEIN MUDNA,,,0,Reference Missing
753,141,I WAS SINKING DEEP IN SIN,,,0,Reference Missing
1120,142,TERE HI NAAM SE HAI PRABHU,,,0,Reference Missing
754,142,THERE SHALL BE SHOWERS OF BLESSING,,,0,Reference Missing
755,143,HAVE THINE OWN WAY LORD,,,0,Reference Missing
1121,143,TERE LAHU KE VASILE SE,,,0,Reference Missing
1122,144,ANAND ANAND ANAND HAI,,,0,Reference Missing
756,144,I AM THINE O LORD,,,0,Reference Missing
757,145,I HAVE LOST MY REPUTATION,,,0,Reference Missing
1123,145,PARMESHWAR KI DAYA KAISI,,,0,Reference Missing
1124,146,"JAI JAI YESHU, JAI JAI YESHU",,,0,Reference Missing
758,146,ON THE WINGS OF A SNOW - WHITE DOVE,,,0,Reference Missing
759,147,YES I FEEL LIKE TRAVELLING ON,,,0,Reference Missing
1125,147,YESHU KA PREM HAI,,,0,Reference Missing
760,148,JESUS HAS A TABLE SPREAD,,,0,Reference Missing
1126,148,"TARIF, TARIF, MIL KE KARO",,,0,Reference Missing
1127,149,IMMANUEL KE LAHU SE,,,0,Reference Missing
761,149,THERE'S A LAND THAT IS FAIRER THAN DAY,,,0,Reference Missing
762,150,BRINGING IN THE SHEAVES,,,0,Reference Missing
1128,150,JAYVANT MASIHA JAYVANT HUA HAI,,,0,Reference Missing
1129,151,HAMARE PRABHU YESHU JI KA NAAM,,,0,Reference Missing
763,151,TEMPTED AND TRIED WE'RE OFT MADE TO WONDER,,,0,Reference Missing
1130,152,JYOTI SE YESHU KI,,,0,Reference Missing
764,152,SHALL WE GATHER AT THE RIVER,,,0,Reference Missing
765,153,DOWN AT THE CROSS,,,0,Reference Missing
1131,153,SABNE GUNAHGAR KO,,,0,Reference Missing
1132,154,AANKHEIN HAMARI KHOLIYE PRABHUJI,,,0,Reference Missing
766,154,JESUS IS MY SAVIOUR,,,0,Reference Missing
1133,155,KRUS HI KE PASS,,,0,Reference Missing
767,155,YESTERDAY TODAY FOREVER,,,0,Reference Missing
1134,156,KIMTI VAYDA BAAP NE DIYA,,,0,Reference Missing
768,156,PRAISE THE LORD O PRAISE THE LORD,G,C,5,Transposed
769,157,HALLELUJAH HALLELUJAH,,,0,Reference Missing
1135,157,HUM VISHWAS SE EK DESH DEKHTE HAIN,,,0,Reference Missing
770,158,GREAT IS THY FAITHFULNESS,,,0,Reference Missing
1136,158,YESHU KAISA DOST PYARA,,,0,Reference Missing
771,159,I'VE FOUND A FRIEND IN JESUS,,,0,Reference Missing
1137,159,ISHWAR SATH HO JAB TAK NA MILEIN,,,0,Reference Missing
772,160,THE SANDS HAVE BEEN WASHED,,,0,Reference Missing
1138,160,YESHU TERA NAAM HAI MAHAN,,,0,Reference Missing
1139,161,HUM VISHWASIYON KE LIYE EK ASHA HAI,,,0,Reference Missing
773,161,THERE IS A FOUNTAIN,,,0,Reference Missing
774,162,MINE EYES HAVE SEEN THE GLORY,,,0,Reference Missing
1140,162,PAVITRA NAGAR NAYE YARUSHALAM KO,,,0,Reference Missing
1141,163,TUHI DULHAN HAI,,,0,Reference Missing
775,163,WHEN THE ROLL IS CALLED UP YONDER,,,0,Reference Missing
1142,164,"AASMAN KE NEECHE, AUR IS DHARTI PAR",,,0,Reference Missing
776,164,ALL PRAISE TO HIM,,,0,Reference Missing
1143,165,"HE KHUDA, TERI SHARAN SABSE PYARI HAI",,,0,Reference Missing
777,165,THERE'S NEVER BEEN A DAY,,,0,Reference Missing
1144,166,ANANDIT HO JAO PYARO,,,0,Reference Missing
778,166,SPEAK MY LORD,,,0,Reference Missing
1145,167,APNA BOJH PRABHU PAR DAAL,,,0,Reference Missing
779,167,THE LOVE OF GOD,,,0,Reference Missing
1146,168,KAL AUR AAJ AUR YUGANUYUG TAK,,,0,Reference Missing
780,168,WHEN I SURVEY,,,0,Reference Missing
1147,169,"HE YESHU MAHAN, HE YESHU MAHAN",,,0,Reference Missing
781,169,WE'RE FLOATING DOWN,,,0,Reference Missing
1148,170,HRIDAY BHET CHADHAYE PRABHU KO STUTI PRASHANSA KAREIN,,,0,Reference Missing
782,170,YOU HAVE HEARD OF LITTLE MOSES,,,0,Reference Missing
1149,171,"AAP MERA RAJA, AAP MERA RAJA",,,0,Reference Missing
783,171,IT'S DRIPPING WITH BLOOD,,,0,Reference Missing
1150,172,JUNGLI DARAKHTO KE DARMIYAN,,,0,Reference Missing
784,172,WHEN JESUS COMES,,,0,Reference Missing
785,173,HAVE YOU BEEN TO JESUS,,,0,Reference Missing
1151,173,HUM TO KHUDA KE BETE HAIN,,,0,Reference Missing
1152,174,TERE SAATH HUM CHALEIN,,,0,Reference Missing
786,174,YES JESUS LOVES ME,,,0,Reference Missing
787,175,ONCE MY SOUL WAS ASTRAY,,,0,Reference Missing
1153,175,TERA PYAR HAI MAHAN,,,0,Reference Missing
788,176,BRING THEM IN,,,0,Reference Missing
1154,176,PRABHU KA DHANYAWAD KARUNGA,,,0,Reference Missing
789,177,I LOVE YOU LORD,D,D,0,Already Correct
1155,177,YESHU KI BABAT SUNAO,,,0,Reference Missing
790,178,O LORD MY GOD,D,C,10,Transposed
1156,178,TU YESHU HAI MERA MAIN JAANTA YEH BAAT,,,0,Reference Missing
791,179,THERE IS POWER WONDER-WORKING POWER,,,0,Reference Missing
1157,179,YESHU NAAM KI DE DUHAI,,,0,Reference Missing
1158,180,EK MUNJI AJEEB HAI KHUDAWAND YESHU,,,0,Reference Missing
792,180,WHAT CAN WASH AWAY MY SIN,,,0,Reference Missing
1159,181,"EK MANUSHYA BAITHA, BAITHA BHIKH THA MAANGTA",,,0,Reference Missing
793,181,I'M REJOICING NIGHT AND DAY,,,0,Reference Missing
794,182,ALL HAIL THE POWER OF JESUS' NAME,,,0,Manual Review Required
1160,182,PAVITRA ATMA PREMI PAVITRA ATMA,,,0,Reference Missing
795,183,ALAS AND DID MY SAVIOUR BLEED,,,0,Reference Missing
1161,183,"TAN, MAN AUR DHAN USE DO",,,0,Reference Missing
796,184,O HAPPY DAY,,,0,Reference Missing
1162,184,"TERI SHIRIN AAWAZ, MAIN SUNTA HOON KHUDA",,,0,Reference Missing
797,185,ONE OF THEM ONE OF THEM,,,0,Reference Missing
1163,185,YESHU NAAM MEIN KUDRAT PAAYI JAATI HAI,,,0,Reference Missing
1164,186,"HO JAI JAYKAAR, JAI JAYKAAR KARE",,,0,Reference Missing
798,186,WHEN THE SAVIOUR CALLS I WILL ANSWER,,,0,Reference Missing
1165,187,AASMANON MEIN HAI MERA BHI EK MAKAN,,,0,Reference Missing
799,187,BEYOND THE SUNSET,,,0,Reference Missing
1166,188,AAJ CHALEIN KHUDAWAND KE HUZOOR,,,0,Reference Missing
800,188,HOLD TO GOD'S UNCHANGING HAND,,,0,Reference Missing
1167,189,NAYA JEEVAN HOGA KAISA SUHANA,,,0,Reference Missing
801,189,THE DAY OF REDEMPTION IS NEAR,,,0,Reference Missing
802,190,ONE DAY WHEN HEAVEN,,,0,Reference Missing
1168,190,YESHU TERA NAAM HAI KITNA SUNDAR,,,0,Reference Missing
1169,191,BADHATE JAYENGE AAGE AAGE,,,0,Reference Missing
803,191,ON A HILL FAR AWAY,,,0,Reference Missing
1170,192,JEEVIT JEEVIT JEEVIT HAI SADA,,,0,Reference Missing
804,192,O MY HEART SINGS TODAY,,,0,Manual Review Required
1171,193,BHOOMI KI UTPATTI SE PEHLE PRABHU,,,0,Reference Missing
805,193,I'M A PILGRIM AND A STRANGER,,,0,Reference Missing
1172,194,MERE GUNAHON KO DHO DIYA,,,0,Reference Missing
806,194,SOFTLY AND TENDERLY,,,0,Reference Missing
807,195,THOU MY EVERLASTING PORTION,,,0,Reference Missing
1173,195,YEH SANDESH SUNAO SAB KO,,,0,Reference Missing
1174,196,APNI DULHAN KO LENE YESHU RAJA AAYEGA,,,0,Reference Missing
808,196,I HAVE HEARD OF A LAND,,,0,Reference Missing
1175,197,"EK TOOTE HUE DIL NE, TUJHKO HI PUKARA HAI",,,0,Reference Missing
809,197,I'VE REACHED THE LAND OF CORN AND WINE,,,0,Reference Missing
1176,198,MAN MANDIR MEIN BASNE WALA,,,0,Reference Missing
810,198,THAT GOD SHOULD LOVE,,,0,Reference Missing
811,199,DOWN FROM HIS GLORY,,,0,Reference Missing
1177,199,"PYARO, HIMMAT BANDHO, AAGE BADHO",,,0,Reference Missing
812,200,BLESSED ASSURANCE,,,0,Reference Missing
1178,200,MAIN AATA HOON TERE PAAS,,,0,Reference Missing
813,201,ONCE OUR BLESSED CHRIST OF BEAUTY,,,0,Reference Missing
1179,201,YESHU TERA NAAM MERA SHARANSSTHAN,,,0,Reference Missing
814,202,JESUS BREAKS EVERY FETTER,,,0,Reference Missing
1180,202,"RAKTAM JAYAM, RAKTAM JAYAM",,,0,Reference Missing
1181,203,KRUS HI HAI TERA NISHAN,,,0,Reference Missing
815,203,WHEN I SAW THE CLEANSING FOUNTAIN,,,0,Reference Missing
1182,204,LE CHAL MERI AATMA KO TU,,,0,Reference Missing
816,204,WHAT A FRIEND,,,0,Reference Missing
817,205,I AM BOUND FOR THE PROMISED LAND,,,0,Reference Missing
1183,205,YESHU KE PEECHE MAIN CHALNE LAGA,,,0,Reference Missing
1184,206,"ANAND HAI, ANAND HAI, ADBHUT ANAND HAI",,,0,Reference Missing
818,206,THE GREAT PHYSICIAN,,,0,Reference Missing
1185,207,MERE JEEVAN KA MAKSAD TU HAI,,,0,Reference Missing
819,207,THERE IS COMING A DAY,,,0,Reference Missing
820,208,JESUS KEEP ME NEAR THE CROSS,,,0,Reference Missing
1186,208,YESHU MASIH TERE JAISA HAI KOI NAHIN,,,0,Reference Missing
821,209,MY HOPE IS BUILT ON NOTHING LESS,,,0,Reference Missing
1187,209,STUTI AARADHNA OOPAR JAATI HAI,,,0,Reference Missing
1188,210,MAN TO PRABHU KA MANDIR HAI,,,0,Reference Missing
822,210,PASS ME NOT,,,0,Reference Missing
823,211,I'VE WANDERED FAR AWAY FROM GOD,,,0,Reference Missing
1189,211,NAARE LAGAO AUR GAO RE,,,0,Reference Missing
1190,212,AARADHNA HO AARADHNA,,,0,Reference Missing
824,212,I WILL MEET YOU IN THE MORNING,,,0,Manual Review Required
1191,213,DUNIYA BANANE WALE TERI JAI HO,,,0,Reference Missing
825,213,GOD BE WITH YOU,,,0,Reference Missing
826,214,TAKE THE NAME OF JESUS WITH YOU,,,0,Reference Missing
1192,214,"YESHU BULA RAHA, YESHU BULA RAHA",,,0,Reference Missing
1193,215,"AATMA MANDRATA, AATMA MANDRATA",,,0,Reference Missing
827,215,ON THAT BRIGHT AND GOLDEN MORNING,,,0,Reference Missing
828,216,ALL GLORY TO GOD,,,0,Reference Missing
1194,216,"MAHIMA HO TERI, MAHIMA HO TERI",,,0,Reference Missing
1195,217,"HO TAIYAR, HO TAIYAR USKE LOGO",,,0,Reference Missing
829,217,HOLY HOLY HOLY,D,D,0,Already Correct
1196,218,AI MERE MAN YEHOVA KO DHANYA DHANYA KAHO,,,0,Reference Missing
830,218,THE ORIGINAL LIFE THE ORIGINAL SEED,,,0,Reference Missing
831,219,JESUS YOU'RE THE SWEETEST NAME OF ALL,,,0,Manual Review Required
1197,219,MERA YESHU HAI KITNA MAHAN,,,0,Reference Missing
832,220,BLESS THE LORD O MY SOUL,D,C,10,Transposed
1198,220,YESHU KABHI NA CHODEGA,,,0,Reference Missing
1199,221,MERA EK HI MITRA YESHU,,,0,Reference Missing
833,221,SING THE WONDROUS LOVE OF JESUS,,,0,Reference Missing
1200,222,"AAKHRI NARSINGA, PHOOKA JANE WALA HAI",,,0,Reference Missing
834,222,LET THE DEW OF HEAVEN FALL,,,0,Reference Missing
835,223,JESUS IS THE JOY OF LIVING,,,0,Reference Missing
1201,223,YESHU TUNE MUJKHO BANAYA,,,0,Reference Missing
836,224,SEEK YE FIRST THE KINGDOM OF GOD,,,0,Reference Missing
1202,224,VANDANA KARTE HAIN HUM,,,0,Reference Missing
1203,225,PRABHU PARMESHWAR TU KITNA BHALA HAI,,,0,Reference Missing
837,225,THE FULNESS OF THE GODHEAD,,,0,Reference Missing
1204,226,HO TERI STUTI AUR AARADHNA,,,0,Reference Missing
838,226,REJOICE EVERMORE,,,0,Reference Missing
1205,227,AAO GAO YESHU KE LIYE STUTI AUR MAHIMA,,,0,Reference Missing
839,227,WE'VE GOT A GREAT BIG WONDERFUL GOD,,,0,Reference Missing
840,228,THOU ART WORTHY,,,0,Reference Missing
1206,228,"UTAR AA, UTAR AA, UTAR AA",,,0,Reference Missing
1207,229,PHIR SE WO AAG BARSA DE,,,0,Reference Missing
841,229,YOU ARE THE KING OF GLORY,,,0,Reference Missing
842,230,INTO MY HEART,,,0,Reference Missing
1208,230,PRARTHNA MEIN JO KUCH MANGA,,,0,Reference Missing
843,231,LORD WE DESIRE TO SEEK THEE,,,0,Reference Missing
1209,231,YESHU MERA RAJA YESHU MERA PRABHU,,,0,Reference Missing
1210,232,MAIN TERE AAGE AAP CHALUNGA,,,0,Reference Missing
844,232,THE SAVIOUR IS WAITING,,,0,Reference Missing
845,233,I'VE BEEN REDEEMED,,,0,Reference Missing
846,234,HE IS HERE,,,0,Reference Missing
847,235,THOU DOST SEEK A BRIDE,,,0,Reference Missing
848,236,JESUS IS THE ANSWER,,,0,Reference Missing
849,237,WE ARE ONE IN THE SPIRIT,,,0,Reference Missing
850,238,I WILL SING I WILL SING,D,D,0,Already Correct
851,239,JUST AS I AM,D,D,0,Already Correct
852,240,FAIREST LORD JESUS RULER OF ALL NATURE,,,0,Reference Missing
853,241,IN THESE DAYS OF TRIALS SO NEAR THE END,,,0,Reference Missing
854,242,THE LORD'S MY SHEPHERD,,,0,Reference Missing
855,243,KING OF MY LIFE,,,0,Reference Missing
856,244,OH WHAT A WONDERFUL WONDERFUL DAY,,,0,Reference Missing
857,245,OUT OF MY BONDAGE,,,0,Reference Missing
858,246,O WHAT A GIFT,,,0,Reference Missing
859,247,O THE DEEP DEEP LOVE OF JESUS,,,0,Reference Missing
860,248,O LORD ALL THE WORLD BELONGS TO YOU,,,0,Reference Missing
861,249,TO GOD BE THE GLORY,,,0,Reference Missing
862,250,I LOVE THE NAME OF JESUS,D,D,0,Already Correct
863,251,SHEPHERD OF LOVE,,,0,Reference Missing
864,252,MAKE ME A CHANNEL OF YOUR PEACE,,,0,Reference Missing
865,253,IT ONLY TAKES A SPARK,,,0,Reference Missing
866,254,I WILL GIVE THANKS TO THEE,,,0,Reference Missing
867,255,MAKING MELODY,,,0,Reference Missing
868,256,CLAP YOUR HANDS TOGETHER,,,0,Reference Missing
869,257,LET THE LORD HAVE HIS WAY,,,0,Reference Missing
870,258,OH THIS IS LIKE HEAVEN TO ME,,,0,Reference Missing
871,259,COUNT YOUR BLESSINGS,,,0,Reference Missing
872,260,I DON'T KNOW ABOUT TOMORROW,,,0,Reference Missing
873,261,IT'S THE HOLY GHOST AND FIRE,,,0,Reference Missing
874,262,I'M PRESSING ON THE UPWARD WAY,,,0,Reference Missing
875,263,O LORD OUR GOD,,,0,Reference Missing
876,264,O GLORIOUS VICTORY,,,0,Reference Missing
877,265,ALL IS WELL,,,0,Reference Missing
878,266,AS THE DEER PANTETH,,,0,Reference Missing
879,267,COME HOLY SPIRIT,,,0,Reference Missing
880,268,FILL MY CUP LORD,,,0,Reference Missing
881,269,GREAT AND MIGHTY IS THE LORD OUR GOD,D,G,5,Transposed
882,270,I NEED THEE EVERY HOUR,,,0,Reference Missing
883,271,IN HIS TIME,,,0,Reference Missing
884,272,I'M LOOKING THROUGH A LOOKING GLASS,,,0,Reference Missing
885,273,IS YOUR ALL ON THE ALTAR OF SACRIFICE LAID,,,0,Reference Missing
886,274,I'D RATHER HAVE JESUS,,,0,Reference Missing
887,275,HE IS JEHOVAH,,,0,Reference Missing
888,276,YOUR LOVE IS TO ME,D,D,0,Already Correct
889,277,I HEAR THE SAVIOUR SAY,,,0,Reference Missing
890,278,BLESSED BE THE FOUNTAIN OF BLOOD,,,0,Reference Missing
891,279,WITHOUT HIM I CAN DO NOTHING,,,0,Reference Missing
892,280,WALKING IN CLOSE UNION,,,0,Reference Missing
893,281,HOLY HOLY HOLY HOLY,D,D,0,Already Correct
894,282,ALL FOR JESUS,,,0,Reference Missing
895,283,BECAUSE HE LIVES I CAN FACE TOMORROW,,,0,Reference Missing
896,284,MY JESUS I LOVE THEE,D,D,0,Already Correct
897,285,WHEN THE SPIRIT OF THE LORD,,,0,Reference Missing
898,286,SAVIOUR LIKE A SHEPHERD LEAD US,,,0,Reference Missing
899,287,COME AND GO WITH ME,,,0,Reference Missing
900,288,BIND US TOGETHER,,,0,Reference Missing
901,289,ISN'T HE WONDERFUL,,,0,Reference Missing
902,290,DEEPER DEEPER,,,0,Reference Missing
903,291,HEAR MY CRY O LORD,D,C,10,Transposed
904,292,I FEEL THE PULL,,,0,Reference Missing
905,293,SAY THEM OVER AGAIN TO ME,,,0,Reference Missing
906,294,THE LORD IS MY SHEPHERD,,,0,Reference Missing
907,295,STAND UP STAND UP FOR JESUS,,,0,Reference Missing
908,296,GUIDE ME O THOU GREAT JEHOVAH,,,0,Reference Missing
909,297,PEACE PERFECT PEACE,,,0,Reference Missing
910,298,WHILE WE PRAY AND WHILE WE PLEAD,,,0,Reference Missing
911,299,LOVE DIVINE,,,0,Reference Missing
912,300,TRUST AND OBEY,,,0,Reference Missing
608,301,PRAISE TO THE LORD,,,0,Reference Missing
609,302,A WONDERFUL SAVIOUR IS JESUS MY LORD,,,0,Reference Missing
610,303,THE CHURCH HAS ONE FOUNDATION,,,0,Reference Missing
611,304,FACE TO FACE WITH CHRIST MY SAVIOUR,,,0,Reference Missing
612,305,CAUSE ME TO COME TO THY RIVER,,,0,Reference Missing
613,306,FOR AS TRULY AS I LIVE,D,D,0,Already Correct
614,307,GOD WILL MAKE A WAY,,,0,Reference Missing
615,308,YOU ARE BEAUTIFUL BEYOND DESCRIPTION,,,0,Reference Missing
616,309,ONE DAY AT A TIME,,,0,Reference Missing
617,310,CALLED TO WALK IN THE WAY,,,0,Reference Missing
618,311,HOSANNA HOSANNA,,,0,Reference Missing
619,312,"GOD SAID ""SET MY PEOPLE FREE""",D,G,5,Transposed
620,313,CELEBRATE JESUS CELEBRATE,,,0,Reference Missing
621,314,GOD IS GOOD ALL THE TIME,,,0,Manual Review Required
622,315,O PERFECT LOVE,,,0,Reference Missing
623,316,WE WILL WORSHIP THE MAKER,,,0,Reference Missing
624,317,ABIDE WITH ME,,,0,Reference Missing
625,318,OH LET THE SON OF GOD ENFOLD YOU,,,0,Reference Missing
626,319,GIVE ME YOUR HAND LET'S AGREE TOGETHER,,,0,Reference Missing
627,320,THE JOY OF THE LORD IS MY STRENGTH,,,0,Reference Missing
628,321,MORE LOVE MORE POWER,,,0,Reference Missing
629,322,PRAISE HIM PRAISE HIM JESUS OUR BLESSED REDEEMER,D,D,0,Already Correct
630,323,SOME TRUST IN CHARIOTS AND SOME IN HORSES,,,0,Reference Missing
631,324,TAKE TIME TO BE HOLY,,,0,Reference Missing
632,325,STANDING BY A PURPOSE TRUE,,,0,Reference Missing
633,326,HOSANNA BLESSED BE THE NAME,,,0,Manual Review Required
634,327,I JUST WANT TO BE WHERE YOU ARE,,,0,Reference Missing
635,328,I'VE BELIEVED THE TRUE REPORT,,,0,Reference Missing
636,329,WHAT WE NEED IS THE PILLAR OF FIRE,,,0,Reference Missing
637,330,I COME BEFORE YOU TODAY,,,0,Reference Missing
638,331,I BELIEVE IN JESUS,,,0,Reference Missing
639,332,HE'S MORE THAN ENOUGH,,,0,Reference Missing
640,333,PURIFY MY HEART,,,0,Reference Missing
641,334,IN THE PRESENCE OF JEHOVAH,,,0,Reference Missing
642,335,HEAR OUR PRAYER,,,0,Reference Missing
643,336,ALL THE WAY MY SAVIOR LEADS ME,,,0,Reference Missing
644,337,SOME THROUGH THE WATERS SOME THROUGH THE FLOOD,,,0,Reference Missing
645,338,HOLY SPIRIT THOU ART WELCOME IN THIS PLACE,,,0,Manual Review Required
646,339,WEâ€™LL WALK IN THE LIGHT,,,0,Reference Missing
647,340,WHAT A FELLOWSHIP WHAT A JOY DIVINE,,,0,Reference Missing
648,341,LETâ€™S GO UP TO ZION,,,0,Reference Missing
649,342,THESE ARE THE DAYS OF ELIJAH,,,0,Reference Missing
650,343,PRAISE YOU LORD FOR SAVING ME,D,D,0,Already Correct
651,344,COME THOU ALMIGHTY KING,,,0,Reference Missing
652,345,I LIFT MY HANDS,,,0,Reference Missing
653,346,BLESS THE LORD O MY SOUL,D,C,10,Transposed
654,347,NO OTHER NAME,,,0,Reference Missing
655,348,I CLAIM THE BLOOD,,,0,Reference Missing
656,349,HIS NAME IS HIGHER,D,D,0,Already Correct
657,350,I AM CRUCIFIED WITH CHRIST,,,0,Reference Missing
658,351,MASTER REDEEMER SAVIOUR OF THE WORLD,,,0,Reference Missing
659,352,WHY WORRY WHEN YOU CAN PRAY,,,0,Reference Missing
660,353,AS WE GATHER IN THIS PLACE TODAY,,,0,Reference Missing
661,354,ANOINT ME WITH FRESH OIL,,,0,Reference Missing
662,355,AS THE WORLD LOOKS UPON ME,,,0,Reference Missing
663,356,YOU ARE MY REFUGE,,,0,Manual Review Required
664,357,BLESSED BE THE NAME OF THE LORD,,,0,Manual Review Required
665,358,GOD WILL TAKE CARE OF YOU,,,0,Manual Review Required
666,359,LEAD KINDLY LIGHT,,,0,Reference Missing
667,360,REDEEMED HOW I LOVE TO PROCLAIM IT,,,0,Reference Missing
668,361,IN TIMES LIKE THESE YOU NEED A SAVIOR,,,0,Manual Review Required
669,362,WE MAGNIFY YOUR NAME,,,0,Reference Missing
670,363,THE BIRDS HAVE A NEST TO GO,,,0,Reference Missing
671,364,I THE LORD THY GOD,,,0,Reference Missing
672,365,BRING A PSALM TO THE LORD,,,0,Reference Missing
673,366,NEARER MY GOD TO THEE,,,0,Reference Missing
674,367,SAFE IN THE ARMS OF JESUS,,,0,Reference Missing
675,368,LORD MAKE ME AN INSTRUMENT,,,0,Reference Missing
676,369,I WILL SERVE THEE,,,0,Reference Missing
677,370,PRECIOUS LORD TAKE MY HAND,,,0,Reference Missing
678,371,I WILL NEVER FORGET YOU,,,0,Manual Review Required
679,372,JUST A CLOSER WALK,,,0,Reference Missing
680,373,THERE IS A LAND OF MILK AND HONEY,,,0,Reference Missing
681,374,I WANT TO WALK WITH JESUS CHRIST,,,0,Reference Missing
682,375,BLESSINGS AND MORE BLESSINGS OVERTAKE ME,,,0,Reference Missing
683,376,WHAT A DAY THAT WILL BE,,,0,Reference Missing
684,377,BURDENS ARE LIFTED,,,0,Reference Missing
3183,378,JEZU TUJIM UTRAM,,,0,Reference Missing
3184,379,ZANNAIM TUM (Know Ye Not),,,0,Reference Missing
3185,380,ARGAM TUKA SOMIA,,,0,Reference Missing
3186,381,SORVESPORA DEVA,,,0,Reference Missing
3187,382,TO MOJEM SOGLLEM DAIZ (He Is My Everything),,,0,Reference Missing
3188,383,ASSONDHI MOG,,,0,Reference Missing
3189,384,TUKA AMIM POLEUNK NAM,,,0,Reference Missing
3190,385,VOI DEV BORO (YES GOD IS GOOD),,EE,0,Key Filled From Reference
3143,1001,** Above All Powers,,,0,Reference Missing
3144,1002,"** Alive, Alive, Alive Forevermore",,,0,Reference Missing
3145,1003,** All I Once Held Dear,,,0,Reference Missing
3146,1004,"** Alleluia, For The Lord God Almighty Reigns",,,0,Reference Missing
3147,1005,** Come Thou Fount Of Every Blessing,,,0,Reference Missing
3148,1006,"** El Elah, Elohim",,,0,Reference Missing
3149,1007,** Every Praise Is To Our God,,,0,Reference Missing
3150,1008,** He Looked Beyond My Faults,,,0,Reference Missing
3151,1009,** Here I Am To Worship,,,0,Reference Missing
3152,1010,** I Enter The Holy Of Holies,,,0,Reference Missing
3153,1011,** Holy Words Long Preserved,,,0,Reference Missing
3154,1012,** I Know The Master Of The Winds,,,0,Reference Missing
3155,1013,** I'll Sing Praises To You Name,,,0,Reference Missing
3156,1014,** In Your Presence,,,0,Reference Missing
3157,1016,** No Longer Slaves,,,0,Reference Missing
3158,1017,** Lord I Come To Thee,,,0,Reference Missing
3159,1018,** Our God Is An Awesome God,,,0,Reference Missing
3160,1019,** Take Me Past The Outer Court,,,0,Reference Missing
3161,1020,** Still (Hide Me Now),,,0,Reference Missing
3162,1021,** Open The Eyes Of My Heart,,,0,Reference Missing
3163,1022,"** Thank You For The Cross, Lord",,,0,Reference Missing
3164,1023,** Lord I Lift Your Name On High,,,0,Reference Missing
3165,1024,** Sometimes Hallelujah,,,0,Reference Missing
3166,1025,** What shall I render unto Jehovah,,,0,Reference Missing
3167,1026,** In Christ Alone my Hope is found,,,0,Reference Missing
3168,1027,** Goodness of God | I Love you Lord,,,0,Reference Missing
3169,1028,** He Knows my Name,,,0,Reference Missing
3170,1029,** Hallowed be Thy Name,,,0,Reference Missing
3171,1030,** You deserve the glory,,,0,Reference Missing
3172,1031,"** Shout to the Lord, all the earth let us sing",,,0,Reference Missing
3173,1032,** Give me that old time religion,,,0,Reference Missing
3174,1033,** I come to the garden alone,,,0,Reference Missing
3175,1034,** This is the Air I Breathe,,,0,Reference Missing
3176,1035,"** I will celebrate, sing unto the Lord",,,0,Reference Missing
3177,1036,** Will the circle be unbroken,,,0,Reference Missing
3178,1037,"** Welcome Holy Spirit, be here with Your Presence",,,0,Reference Missing
3179,1038,** Thank you Lord for your blessings on me!,,,0,Reference Missing
3096,1501,माझा येशु मला प्रिय फार,,,0,Reference Missing
3097,1502,तुझंसा कोणी नाही,,,0,Reference Missing
3098,1503,तारक तो सामर्थ्य तो,,,0,Reference Missing
3099,1504,तुझी दया सनातन आहे,,,0,Reference Missing
3100,2001,** आसमान भी टल जायेगा,,,0,Reference Missing
3101,2002,"** क्या दे सकता हूँ, क्या ला सकता हूँ",,,0,Reference Missing
3102,2003,** Dhanyawad ke saath stuti gaunga,,,0,Reference Missing
3103,2004,** Aaradhana me hai chutkara,,,0,Reference Missing
3104,2005,हे स्वर्गीय पिता,,,0,Reference Missing
3105,2006,"हाल्लेलुयाह, हाल्लेलुयाह, हम गाते है बारंबार",,,0,Reference Missing
3106,2007,येसु नाम मिला,,,0,Reference Missing
3107,2008,धन्य धन्य येशु नाम,,,0,Reference Missing
3108,2009,"तेरी स्तुति मै करूँ, आराधना करूँ",,,0,Reference Missing
3109,2010,जाता मैं जाता कहाँ तू ही है मेरा खुदा,,,0,Reference Missing
3110,2011,यीशु तू है सबसे महान,,,0,Reference Missing
3111,2012,"तेरे बिन, मै कुछ भी नही",,,0,Reference Missing
3112,2013,कैसे मै तेरी महिमा गाऊं,,,0,Reference Missing
3113,2014,तेरी इनायत हमपर हुई है,,,0,Reference Missing
3114,2015,रोशनी है तेरी सबसे महान,,,0,Reference Missing
3115,2016,उस क्रूस की क्या बात है,,,0,Reference Missing
3116,2017,"तेरी महिमा गाये, हाल्लेलुयाह",,,0,Reference Missing
3117,2018,"यीशु, यीशु तू सबसे है महान",,,0,Reference Missing
3118,2019,येशु तेरे करीब आने से,,,0,Reference Missing
3119,2020,मेरे छोटे हृदय से,,,0,Reference Missing
3120,2021,हे प्रभु यीशु इन दोनों पर,,,0,Reference Missing
3121,2022,यीशु ने दि है शिफा,,,0,Reference Missing
3122,2023,आराधनायेशु तुझे,,,0,Reference Missing
3123,2024,तुमसा कोई नहीं,,,0,Reference Missing
3124,2025,हमको मिला है ये जिंदगी,,,0,Reference Missing
3125,2026,** Uske phatako me pravesh karunga,,,0,Reference Missing
3126,2027,** Chottey bachho ko paas aane do,,,0,Reference Missing
3127,2028,** Tere Bina mai kuch bhi nahi hu,,,0,Reference Missing
3128,2029,"** Dhanyawad kare, Prabhu ki mahima kare",,,0,Reference Missing
3129,2030,"** Tere paas, aataa hu",,,0,Reference Missing
3130,2031,"** Kuch nahi, Kuch nahi chahiye Yeshu",,,0,Reference Missing
3131,2032,** Bhavan ke beech mey | Chattan,,,0,Reference Missing
3132,2033,** Gin Gin ke stuti karu,,,0,Reference Missing
3133,2034,** Teri taarif hO,,,0,Reference Missing
3134,2035,इक आग हर दिल में,,,0,Reference Missing
3135,2036,यीशु मेरे दिल में आ,,,0,Reference Missing
3136,2037,"पवित्र अति पवित्र , स्थान में ले चल प्रभु",,,0,Reference Missing
3137,2038,मैं हाथ उठाकर गाऊँगा,,,0,Reference Missing
3138,2039,"पवित्र मुझे बना दे प्रभु,",,,0,Reference Missing
3139,2040,"तेरे जैसा कौन है, |एलशदाई आराधना",,,0,Reference Missing
3140,2041,"ले गया मेरे गुनाह, और मुझको जीवन दे गया",,,0,Reference Missing
3141,2042,"मेरे जीवन में यीशु तेरा नाम, जलाल पाता रहे",,,0,Reference Missing
3142,2043,"चले हो तुम खुदा के साथ, रास्ता संकरा है",,,0,Reference Missing
