Language,Song Number,Database Title,Reference Title,Normalized Match,Exact Match,Notes
english,1,SPIRIT OF THE LIVING GOD,SPIRIT OF THE LIVING GOD,true,true,Exact Match
english,2,SET MY SPIRIT FREE,SET MY SPIRIT FREE,true,true,Exact Match
english,3,SWEEP OVER MY SOUL,SWEEP OVER MY SOUL,true,true,Exact Match
english,4,THE WINDOWS OF HEAVEN,THE WINDOWS OF HEAVEN,true,true,Exact Match
english,5,BLESS THE LORD O MY SOUL,BLESS THE LORD O MY SOUL,true,true,Exact Match
english,6,GREAT IS THE LORD,GREAT IS THE LORD,true,true,Exact Match
english,7,I KNOW IT WAS THE BLOOD,I KNOW IT WAS THE BLOOD,true,true,Exact Match
english,8,BURN BURN HOLY SPIRIT,BURN BURN HOLY SPIRIT,true,true,Exact Match
english,9,HIS NAME IS WONDERFUL,HIS NAME IS WONDERFUL,true,true,Exact Match
english,10,FROM GLORY TO GLORY,FROM GLORY TO GLORY,true,true,Exact Match
english,11,Iâ€™LL PRAISE HIS NAME,I'LL PRAISE HIS NAME,false,false,Manual Review Required
english,12,ITâ€™S A LOVELY LOVELY NAME,IT'S A LOVELY LOVELY NAME,false,false,Manual Review Required
english,13,IN THE NAME OF JESUS,IN THE NAME OF JESUS,true,true,Exact Match
english,14,ALL OVER THE WORLD,ALL OVER THE WORLD,true,true,Exact Match
english,15,REJOICE IN THE LORD,REJOICE IN THE LORD,true,true,Exact Match
english,16,Iâ€™LL SAY â€œYESâ€,"I'LL SAY ""YES""",false,false,Manual Review Required
english,17,WE ARE GATHERING TOGETHER,WE ARE GATHERING TOGETHER,true,true,Exact Match
english,18,TO BE LIKE JESUS,TO BE LIKE JESUS,true,true,Exact Match
english,19,ITâ€™S NOT BY MIGHT,IT'S NOT BY MIGHT,false,false,Manual Review Required
english,20,Iâ€™VE FOUND A NEW WAY OF LIVING,I'VE FOUND A NEW WAY OF LIVING,false,false,Manual Review Required
english,21,WITH MY HANDS LIFTED UP,WITH MY HANDS LIFTED UP,true,true,Exact Match
english,22,I WILL SING OF THE MERCIES OF THE LORD,I WILL SING OF THE MERCIES OF THE LORD,true,true,Exact Match
english,23,THEREFORE THE REDEEMED OF THE LORD,THEREFORE THE REDEEMED OF THE LORD,true,true,Exact Match
english,24,COVER ME COVER ME,COVER ME COVER ME,true,true,Exact Match
english,25,LIFT JESUS HIGHER,LIFT JESUS HIGHER,true,true,Exact Match
english,26,HE IS THE SAME UNCHANGING JESUS,HE IS THE SAME UNCHANGING JESUS,true,true,Exact Match
english,27,JEHOVAH JIREH,JEHOVAH JIREH,true,true,Exact Match
english,28,FROM THE RISING OF THE SUN,FROM THE RISING OF THE SUN,true,true,Exact Match
english,29,EVERYBODY OUGHT TO KNOW,EVERYBODY OUGHT TO KNOW,true,true,Exact Match
english,30,SING ALLELUJAH TO THE LORD,SING ALLELUJAH TO THE LORD,true,true,Exact Match
english,31,I WILL SING UNTO THE LORD,I WILL SING UNTO THE LORD,true,true,Exact Match
english,32,I WILL ENTER HIS GATES,I WILL ENTER HIS GATES,true,true,Exact Match
english,33,COME AND PRAISE HIM,COME AND PRAISE HIM,true,true,Exact Match
english,34,COME INTO HIS PRESENCE SINGING,COME INTO HIS PRESENCE SINGING,true,true,Exact Match
english,35,BLESS THE LORD O MY SOUL,BLESS THE LORD O MY SOUL,true,true,Exact Match
english,36,JESUS TAKE ME AS I AM,JESUS TAKE ME AS I AM,true,true,Exact Match
english,37,WHEN I FEEL THE TOUCH,WHEN I FEEL THE TOUCH,true,true,Exact Match
english,38,I THANK YOU JESUS FOR YOUR LOVE TO ME,I THANK YOU JESUS FOR YOUR LOVE TO ME,true,true,Exact Match
english,39,I'VE TAKEN MY HARP DOWN,I'VE TAKEN MY HARP DOWN,true,true,Exact Match
english,40,THANK YOU GOD,THANK YOU GOD,true,true,Exact Match
english,41,LET THE BEAUTY OF JESUS,LET THE BEAUTY OF JESUS,true,true,Exact Match
english,42,TURN YOUR EYES UPON JESUS,TURN YOUR EYES UPON JESUS,true,true,Exact Match
english,43,I HAVE DECIDED TO FOLLOW JESUS,I HAVE DECIDED TO FOLLOW JESUS,true,true,Exact Match
english,44,I WANT TO WORSHIP THE LORD,I WANT TO WORSHIP THE LORD,true,true,Exact Match
english,45,THIS IS THE DAY,THIS IS THE DAY,true,true,Exact Match
english,46,GIVE ME OIL IN MY LAMP,GIVE ME OIL IN MY LAMP,true,true,Exact Match
english,47,I WAS GLAD WHEN THEY SAID UNTO ME,I WAS GLAD WHEN THEY SAID UNTO ME,true,true,Exact Match
english,48,PRAISE HIM PRAISE HIM,PRAISE HIM PRAISE HIM,true,true,Exact Match
english,49,JESUS TOOK MY BURDENS,JESUS TOOK MY BURDENS,true,true,Exact Match
english,50,JESUS NAME ABOVE ALL NAMES,JESUS NAME ABOVE ALL NAMES,true,true,Exact Match
english,51,I WILL EXTOL YOU MY GOD,I WILL EXTOL YOU MY GOD,true,true,Exact Match
english,52,LET THERE BE LOVE,LET THERE BE LOVE,true,true,Exact Match
english,53,FOR THOU O LORD,FOR THOU O LORD,true,true,Exact Match
english,54,BY HIS WORD,BY HIS WORD,true,true,Exact Match
english,55,FATHER WE LOVE / WORSHIP YOU,FATHER WE LOVE / WORSHIP YOU,true,true,Exact Match
english,56,WHOM I HAVE IN HEAVEN,WHOM I HAVE IN HEAVEN,true,true,Exact Match
english,57,IT IS NO SECRET,IT IS NO SECRET,true,true,Exact Match
english,58,ALL HAIL KING JESUS,ALL HAIL KING JESUS,true,true,Exact Match
english,59,LET THE BOOK LIVE,LET THE BOOK LIVE,true,true,Exact Match
english,60,ALMIGHTY GOD,ALMIGHTY GOD,true,true,Exact Match
english,61,CHANGE MY HEART O LORD,CHANGE MY HEART O LORD,true,true,Exact Match
english,62,FLOW THROUGH ME,FLOW THROUGH ME,true,true,Exact Match
english,63,GOD RICH IN MERCY,GOD RICH IN MERCY,true,true,Exact Match
english,64,HE IS MY EVERYTHING,HE IS MY EVERYTHING,true,true,Exact Match
english,65,GOD IS GOOD TO ME,GOD IS GOOD TO ME,true,true,Exact Match
english,66,GIVE THANKS,GIVE THANKS,true,true,Exact Match
english,67,THY LOVING KINDNESS,THY LOVING KINDNESS,true,true,Exact Match
english,68,HE'S A MIRACLE-WORKING GOD,HE'S A MIRACLE-WORKING GOD,true,true,Exact Match
english,69,HE IS LORD HE IS LORD,HE IS LORD HE IS LORD,true,true,Exact Match
english,70,WE BRING A SACRIFICE,WE BRING A SACRIFICE,true,true,Exact Match
english,71,IN MOMENTS LIKE THESE,IN MOMENTS LIKE THESE,true,true,Exact Match
english,72,IT'S YOUR BLOOD,IT'S YOUR BLOOD,true,true,Exact Match
english,73,JESUS WE ENTHRONE YOU,JESUS WE ENTHRONE YOU,true,true,Exact Match
english,74,KNOW YE NOT,KNOW YE NOT,true,true,Exact Match
english,75,LET YOUR WORD BE BORN,LET YOUR WORD BE BORN,true,true,Exact Match
english,76,MAJESTY WORSHIP HIS MAJESTY,MAJESTY WORSHIP HIS MAJESTY,true,true,Exact Match
english,77,OPEN MY EYES LORD,OPEN MY EYES LORD,true,true,Exact Match
english,78,THANK YOU THANK YOU JESUS,THANK YOU THANK YOU JESUS,true,true,Exact Match
english,79,STAND BY ME,STAND BY ME,true,true,Exact Match
english,80,VICTORY IS MINE,VICTORY IS MINE,true,true,Exact Match
english,81,WHAT A MIGHTY GOD,WHAT A MIGHTY GOD,true,true,Exact Match
english,82,WE ARE HERE TO PRAISE YOU,WE ARE HERE TO PRAISE YOU,true,true,Exact Match
english,83,WHEN I LOOK INTO YOUR HOLINESS,WHEN I LOOK INTO YOUR HOLINESS,true,true,Exact Match
english,84,YOU ARE MY HIDING PLACE,YOU ARE MY HIDING PLACE,true,true,Exact Match
english,85,EVERY PROMISE,EVERY PROMISE,true,true,Exact Match
english,86,FATHER IN HEAVEN,FATHER IN HEAVEN,true,true,Exact Match
english,87,I'M FOLLOWING JESUS,I'M FOLLOWING JESUS,true,true,Exact Match
english,88,COME BLESS THE LORD,COME BLESS THE LORD,true,true,Exact Match
english,89,SHACKLED BY A HEAVY BURDEN,SHACKLED BY A HEAVY BURDEN,true,true,Exact Match
english,90,FOR I'M BUILDING A PEOPLE OF POWER,FOR I'M BUILDING A PEOPLE OF POWER,true,true,Exact Match
english,91,LET THE REDEEMED,LET THE REDEEMED,true,true,Exact Match
english,92,UNTO THEE O LORD,UNTO THEE O LORD,true,true,Exact Match
english,93,THANK YOU JESUS,THANK YOU JESUS,true,true,Exact Match
english,94,JUST ONE MORE TIME,JUST ONE MORE TIME,true,true,Exact Match
english,95,HOLY SPIRIT WE WELCOME YOU,HOLY SPIRIT WE WELCOME YOU,true,true,Exact Match
english,96,LET'S TALK ABOUT JESUS,LET'S TALK ABOUT JESUS,true,true,Exact Match
english,97,BLESSED BE THE NAME OF THE LORD,BLESSED BE THE NAME OF THE LORD,true,true,Exact Match
english,98,HE CARETH FOR YOU,HE CARETH FOR YOU,true,true,Exact Match
english,99,AH LORD GOD,AH LORD GOD,true,true,Exact Match
english,100,WE HAVE COME INTO HIS HOUSE,WE HAVE COME INTO HIS HOUSE,true,true,Exact Match
english,101,HE BROUGHT ME TO HIS BANQUETING TABLE,,false,false,Reference Missing
english,102,I'VE GOT THE JOY DOWN IN MY HEART,,false,false,Reference Missing
english,103,I'M SO GLAD JESUS SET ME FREE,,false,false,Reference Missing
english,104,ALL HEAVENS DECLARE,,false,false,Reference Missing
english,105,JESUS WHAT A WONDER YOU ARE,,false,false,Reference Missing
english,106,O COME LET US ADORE HIM,,false,false,Reference Missing
english,107,SHUT IN WITH GOD,,false,false,Reference Missing
english,108,GLORY JESUS GLORY,,false,false,Reference Missing
english,109,HEAVENLY FATHER,,false,false,Reference Missing
english,110,GIVE HEED TO MY WORDS O LORD,,false,false,Reference Missing
english,111,TAKE UP YOUR CROSS,,false,false,Reference Missing
english,112,HAVE YOUR WAY,,false,false,Reference Missing
english,113,HALLELUJAH MY FATHER,,false,false,Reference Missing
english,114,HE'S SETTING ME FREE,,false,false,Reference Missing
english,115,THE MOVE IS ON,,false,false,Reference Missing
english,116,WE ARE STANDING ON HOLY GROUND,,false,false,Reference Missing
english,117,THE ANGEL IS HERE RIGHT NOW,,false,false,Reference Missing
english,118,GOD FORGAVE MY SIN IN JESUS' NAME,,false,false,Reference Missing
english,119,LORD GIVE ME ALSO SPRINGS OF WATER,,false,false,Reference Missing
english,120,AMAZING GRACE,,false,false,Reference Missing
english,121,THEY COME FROM THE EAST AND WEST,,false,false,Reference Missing
english,122,FEAR NOT LITTLE FLOCK,,false,false,Reference Missing
english,123,I LOVE HIM I LOVE HIM,,false,false,Reference Missing
english,124,SWEET HOUR OF PRAYER,,false,false,Reference Missing
english,125,I AM THINKING OF THE RAPTURE,,false,false,Reference Missing
english,126,TEACH ME LORD TO WAIT DOWN ON MY KNEES,,false,false,Reference Missing
english,127,OH HOW I LOVE JESUS,,false,false,Reference Missing
english,128,AM I A SOLDIER OF THE CROSS,,false,false,Reference Missing
english,129,MARVELOUS GRACE,,false,false,Reference Missing
english,130,WE'RE MARCHING TO ZION,,false,false,Reference Missing
english,131,SEARCH ME O GOD,,false,false,Reference Missing
english,132,MY SHEEP KNOW MY VOICE,,false,false,Reference Missing
english,133,ONWARD CHRISTIAN SOLDIERS,,false,false,Reference Missing
english,134,MY FAITH LOOKS UP TO THEE,,false,false,Reference Missing
english,135,I CARE NOT TODAY WHAT THE MORROW MAY BRING,,false,false,Reference Missing
english,136,I SURRENDER ALL,,false,false,Reference Missing
english,137,LET ME WALK BLESSED LORD,,false,false,Reference Missing
english,138,STANDING ON THE PROMISES,,false,false,Reference Missing
english,139,LEAD ME ON HOLY SPIRIT,,false,false,Reference Missing
english,140,ROCK OF AGES,,false,false,Reference Missing
english,141,I WAS SINKING DEEP IN SIN,,false,false,Reference Missing
english,142,THERE SHALL BE SHOWERS OF BLESSING,,false,false,Reference Missing
english,143,HAVE THINE OWN WAY LORD,,false,false,Reference Missing
english,144,I AM THINE O LORD,,false,false,Reference Missing
english,145,I HAVE LOST MY REPUTATION,,false,false,Reference Missing
english,146,ON THE WINGS OF A SNOW - WHITE DOVE,,false,false,Reference Missing
english,147,YES I FEEL LIKE TRAVELLING ON,,false,false,Reference Missing
english,148,JESUS HAS A TABLE SPREAD,,false,false,Reference Missing
english,149,THERE'S A LAND THAT IS FAIRER THAN DAY,,false,false,Reference Missing
english,150,BRINGING IN THE SHEAVES,,false,false,Reference Missing
english,151,TEMPTED AND TRIED WE'RE OFT MADE TO WONDER,,false,false,Reference Missing
english,152,SHALL WE GATHER AT THE RIVER,,false,false,Reference Missing
english,153,DOWN AT THE CROSS,,false,false,Reference Missing
english,154,JESUS IS MY SAVIOUR,,false,false,Reference Missing
english,155,YESTERDAY TODAY FOREVER,,false,false,Reference Missing
english,156,PRAISE THE LORD O PRAISE THE LORD,,false,false,Reference Missing
english,157,HALLELUJAH HALLELUJAH,,false,false,Reference Missing
english,158,GREAT IS THY FAITHFULNESS,,false,false,Reference Missing
english,159,I'VE FOUND A FRIEND IN JESUS,,false,false,Reference Missing
english,160,THE SANDS HAVE BEEN WASHED,,false,false,Reference Missing
english,161,THERE IS A FOUNTAIN,,false,false,Reference Missing
english,162,MINE EYES HAVE SEEN THE GLORY,,false,false,Reference Missing
english,163,WHEN THE ROLL IS CALLED UP YONDER,,false,false,Reference Missing
english,164,ALL PRAISE TO HIM,,false,false,Reference Missing
english,165,THERE'S NEVER BEEN A DAY,,false,false,Reference Missing
english,166,SPEAK MY LORD,,false,false,Reference Missing
english,167,THE LOVE OF GOD,,false,false,Reference Missing
english,168,WHEN I SURVEY,,false,false,Reference Missing
english,169,WE'RE FLOATING DOWN,,false,false,Reference Missing
english,170,YOU HAVE HEARD OF LITTLE MOSES,,false,false,Reference Missing
english,171,IT'S DRIPPING WITH BLOOD,,false,false,Reference Missing
english,172,WHEN JESUS COMES,,false,false,Reference Missing
english,173,HAVE YOU BEEN TO JESUS,,false,false,Reference Missing
english,174,YES JESUS LOVES ME,,false,false,Reference Missing
english,175,ONCE MY SOUL WAS ASTRAY,,false,false,Reference Missing
english,176,BRING THEM IN,,false,false,Reference Missing
english,177,I LOVE YOU LORD,,false,false,Reference Missing
english,178,O LORD MY GOD,,false,false,Reference Missing
english,179,THERE IS POWER WONDER-WORKING POWER,,false,false,Reference Missing
english,180,WHAT CAN WASH AWAY MY SIN,,false,false,Reference Missing
english,181,I'M REJOICING NIGHT AND DAY,,false,false,Reference Missing
english,182,ALL HAIL THE POWER OF JESUS' NAME,,false,false,Reference Missing
english,183,ALAS AND DID MY SAVIOUR BLEED,,false,false,Reference Missing
english,184,O HAPPY DAY,,false,false,Reference Missing
english,185,ONE OF THEM ONE OF THEM,,false,false,Reference Missing
english,186,WHEN THE SAVIOUR CALLS I WILL ANSWER,,false,false,Reference Missing
english,187,BEYOND THE SUNSET,,false,false,Reference Missing
english,188,HOLD TO GOD'S UNCHANGING HAND,,false,false,Reference Missing
english,189,THE DAY OF REDEMPTION IS NEAR,,false,false,Reference Missing
english,190,ONE DAY WHEN HEAVEN,,false,false,Reference Missing
english,191,ON A HILL FAR AWAY,,false,false,Reference Missing
english,192,O MY HEART SINGS TODAY,,false,false,Reference Missing
english,193,I'M A PILGRIM AND A STRANGER,,false,false,Reference Missing
english,194,SOFTLY AND TENDERLY,,false,false,Reference Missing
english,195,THOU MY EVERLASTING PORTION,,false,false,Reference Missing
english,196,I HAVE HEARD OF A LAND,,false,false,Reference Missing
english,197,I'VE REACHED THE LAND OF CORN AND WINE,,false,false,Reference Missing
english,198,THAT GOD SHOULD LOVE,,false,false,Reference Missing
english,199,DOWN FROM HIS GLORY,,false,false,Reference Missing
english,200,BLESSED ASSURANCE,,false,false,Reference Missing
english,201,ONCE OUR BLESSED CHRIST OF BEAUTY,,false,false,Reference Missing
english,202,JESUS BREAKS EVERY FETTER,,false,false,Reference Missing
english,203,WHEN I SAW THE CLEANSING FOUNTAIN,,false,false,Reference Missing
english,204,WHAT A FRIEND,,false,false,Reference Missing
english,205,I AM BOUND FOR THE PROMISED LAND,,false,false,Reference Missing
english,206,THE GREAT PHYSICIAN,,false,false,Reference Missing
english,207,THERE IS COMING A DAY,,false,false,Reference Missing
english,208,JESUS KEEP ME NEAR THE CROSS,,false,false,Reference Missing
english,209,MY HOPE IS BUILT ON NOTHING LESS,,false,false,Reference Missing
english,210,PASS ME NOT,,false,false,Reference Missing
english,211,I'VE WANDERED FAR AWAY FROM GOD,,false,false,Reference Missing
english,212,I WILL MEET YOU IN THE MORNING,,false,false,Reference Missing
english,213,GOD BE WITH YOU,,false,false,Reference Missing
english,214,TAKE THE NAME OF JESUS WITH YOU,,false,false,Reference Missing
english,215,ON THAT BRIGHT AND GOLDEN MORNING,,false,false,Reference Missing
english,216,ALL GLORY TO GOD,,false,false,Reference Missing
english,217,HOLY HOLY HOLY,,false,false,Reference Missing
english,218,THE ORIGINAL LIFE THE ORIGINAL SEED,,false,false,Reference Missing
english,219,JESUS YOU'RE THE SWEETEST NAME OF ALL,,false,false,Reference Missing
english,220,BLESS THE LORD O MY SOUL,,false,false,Reference Missing
english,221,SING THE WONDROUS LOVE OF JESUS,,false,false,Reference Missing
english,222,LET THE DEW OF HEAVEN FALL,,false,false,Reference Missing
english,223,JESUS IS THE JOY OF LIVING,,false,false,Reference Missing
english,224,SEEK YE FIRST THE KINGDOM OF GOD,,false,false,Reference Missing
english,225,THE FULNESS OF THE GODHEAD,,false,false,Reference Missing
english,226,REJOICE EVERMORE,,false,false,Reference Missing
english,227,WE'VE GOT A GREAT BIG WONDERFUL GOD,,false,false,Reference Missing
english,228,THOU ART WORTHY,,false,false,Reference Missing
english,229,YOU ARE THE KING OF GLORY,,false,false,Reference Missing
english,230,INTO MY HEART,,false,false,Reference Missing
english,231,LORD WE DESIRE TO SEEK THEE,,false,false,Reference Missing
english,232,THE SAVIOUR IS WAITING,,false,false,Reference Missing
english,233,I'VE BEEN REDEEMED,,false,false,Reference Missing
english,234,HE IS HERE,,false,false,Reference Missing
english,235,THOU DOST SEEK A BRIDE,,false,false,Reference Missing
english,236,JESUS IS THE ANSWER,,false,false,Reference Missing
english,237,WE ARE ONE IN THE SPIRIT,,false,false,Reference Missing
english,238,I WILL SING I WILL SING,,false,false,Reference Missing
english,239,JUST AS I AM,,false,false,Reference Missing
english,240,FAIREST LORD JESUS RULER OF ALL NATURE,,false,false,Reference Missing
english,241,IN THESE DAYS OF TRIALS SO NEAR THE END,,false,false,Reference Missing
english,242,THE LORD'S MY SHEPHERD,,false,false,Reference Missing
english,243,KING OF MY LIFE,,false,false,Reference Missing
english,244,OH WHAT A WONDERFUL WONDERFUL DAY,,false,false,Reference Missing
english,245,OUT OF MY BONDAGE,,false,false,Reference Missing
english,246,O WHAT A GIFT,,false,false,Reference Missing
english,247,O THE DEEP DEEP LOVE OF JESUS,,false,false,Reference Missing
english,248,O LORD ALL THE WORLD BELONGS TO YOU,,false,false,Reference Missing
english,249,TO GOD BE THE GLORY,,false,false,Reference Missing
english,250,I LOVE THE NAME OF JESUS,,false,false,Reference Missing
english,251,SHEPHERD OF LOVE,,false,false,Reference Missing
english,252,MAKE ME A CHANNEL OF YOUR PEACE,,false,false,Reference Missing
english,253,IT ONLY TAKES A SPARK,,false,false,Reference Missing
english,254,I WILL GIVE THANKS TO THEE,,false,false,Reference Missing
english,255,MAKING MELODY,,false,false,Reference Missing
english,256,CLAP YOUR HANDS TOGETHER,,false,false,Reference Missing
english,257,LET THE LORD HAVE HIS WAY,,false,false,Reference Missing
english,258,OH THIS IS LIKE HEAVEN TO ME,,false,false,Reference Missing
english,259,COUNT YOUR BLESSINGS,,false,false,Reference Missing
english,260,I DON'T KNOW ABOUT TOMORROW,,false,false,Reference Missing
english,261,IT'S THE HOLY GHOST AND FIRE,,false,false,Reference Missing
english,262,I'M PRESSING ON THE UPWARD WAY,,false,false,Reference Missing
english,263,O LORD OUR GOD,,false,false,Reference Missing
english,264,O GLORIOUS VICTORY,,false,false,Reference Missing
english,265,ALL IS WELL,,false,false,Reference Missing
english,266,AS THE DEER PANTETH,,false,false,Reference Missing
english,267,COME HOLY SPIRIT,,false,false,Reference Missing
english,268,FILL MY CUP LORD,,false,false,Reference Missing
english,269,GREAT AND MIGHTY IS THE LORD OUR GOD,,false,false,Reference Missing
english,270,I NEED THEE EVERY HOUR,,false,false,Reference Missing
english,271,IN HIS TIME,,false,false,Reference Missing
english,272,I'M LOOKING THROUGH A LOOKING GLASS,,false,false,Reference Missing
english,273,IS YOUR ALL ON THE ALTAR OF SACRIFICE LAID,,false,false,Reference Missing
english,274,I'D RATHER HAVE JESUS,,false,false,Reference Missing
english,275,HE IS JEHOVAH,,false,false,Reference Missing
english,276,YOUR LOVE IS TO ME,,false,false,Reference Missing
english,277,I HEAR THE SAVIOUR SAY,,false,false,Reference Missing
english,278,BLESSED BE THE FOUNTAIN OF BLOOD,,false,false,Reference Missing
english,279,WITHOUT HIM I CAN DO NOTHING,,false,false,Reference Missing
english,280,WALKING IN CLOSE UNION,,false,false,Reference Missing
english,281,HOLY HOLY HOLY HOLY,,false,false,Reference Missing
english,282,ALL FOR JESUS,,false,false,Reference Missing
english,283,BECAUSE HE LIVES I CAN FACE TOMORROW,,false,false,Reference Missing
english,284,MY JESUS I LOVE THEE,,false,false,Reference Missing
english,285,WHEN THE SPIRIT OF THE LORD,,false,false,Reference Missing
english,286,SAVIOUR LIKE A SHEPHERD LEAD US,,false,false,Reference Missing
english,287,COME AND GO WITH ME,,false,false,Reference Missing
english,288,BIND US TOGETHER,,false,false,Reference Missing
english,289,ISN'T HE WONDERFUL,,false,false,Reference Missing
english,290,DEEPER DEEPER,,false,false,Reference Missing
english,291,HEAR MY CRY O LORD,,false,false,Reference Missing
english,292,I FEEL THE PULL,,false,false,Reference Missing
english,293,SAY THEM OVER AGAIN TO ME,,false,false,Reference Missing
english,294,THE LORD IS MY SHEPHERD,,false,false,Reference Missing
english,295,STAND UP STAND UP FOR JESUS,,false,false,Reference Missing
english,296,GUIDE ME O THOU GREAT JEHOVAH,,false,false,Reference Missing
english,297,PEACE PERFECT PEACE,,false,false,Reference Missing
english,298,WHILE WE PRAY AND WHILE WE PLEAD,,false,false,Reference Missing
english,299,LOVE DIVINE,,false,false,Reference Missing
english,300,TRUST AND OBEY,,false,false,Reference Missing
english,301,PRAISE TO THE LORD,,false,false,Reference Missing
english,302,A WONDERFUL SAVIOUR IS JESUS MY LORD,,false,false,Reference Missing
english,303,THE CHURCH HAS ONE FOUNDATION,,false,false,Reference Missing
english,304,FACE TO FACE WITH CHRIST MY SAVIOUR,,false,false,Reference Missing
english,305,CAUSE ME TO COME TO THY RIVER,,false,false,Reference Missing
english,306,FOR AS TRULY AS I LIVE,,false,false,Reference Missing
english,307,GOD WILL MAKE A WAY,,false,false,Reference Missing
english,308,YOU ARE BEAUTIFUL BEYOND DESCRIPTION,,false,false,Reference Missing
english,309,ONE DAY AT A TIME,,false,false,Reference Missing
english,310,CALLED TO WALK IN THE WAY,,false,false,Reference Missing
english,311,HOSANNA HOSANNA,,false,false,Reference Missing
english,312,"GOD SAID ""SET MY PEOPLE FREE""",,false,false,Reference Missing
english,313,CELEBRATE JESUS CELEBRATE,,false,false,Reference Missing
english,314,GOD IS GOOD ALL THE TIME,,false,false,Reference Missing
english,315,O PERFECT LOVE,,false,false,Reference Missing
english,316,WE WILL WORSHIP THE MAKER,,false,false,Reference Missing
english,317,ABIDE WITH ME,,false,false,Reference Missing
english,318,OH LET THE SON OF GOD ENFOLD YOU,,false,false,Reference Missing
english,319,GIVE ME YOUR HAND LET'S AGREE TOGETHER,,false,false,Reference Missing
english,320,THE JOY OF THE LORD IS MY STRENGTH,,false,false,Reference Missing
english,321,MORE LOVE MORE POWER,,false,false,Reference Missing
english,322,PRAISE HIM PRAISE HIM JESUS OUR BLESSED REDEEMER,,false,false,Reference Missing
english,323,SOME TRUST IN CHARIOTS AND SOME IN HORSES,,false,false,Reference Missing
english,324,TAKE TIME TO BE HOLY,,false,false,Reference Missing
english,325,STANDING BY A PURPOSE TRUE,,false,false,Reference Missing
english,326,HOSANNA BLESSED BE THE NAME,,false,false,Reference Missing
english,327,I JUST WANT TO BE WHERE YOU ARE,,false,false,Reference Missing
english,328,I'VE BELIEVED THE TRUE REPORT,,false,false,Reference Missing
english,329,WHAT WE NEED IS THE PILLAR OF FIRE,,false,false,Reference Missing
english,330,I COME BEFORE YOU TODAY,,false,false,Reference Missing
english,331,I BELIEVE IN JESUS,,false,false,Reference Missing
english,332,HE'S MORE THAN ENOUGH,,false,false,Reference Missing
english,333,PURIFY MY HEART,,false,false,Reference Missing
english,334,IN THE PRESENCE OF JEHOVAH,,false,false,Reference Missing
english,335,HEAR OUR PRAYER,,false,false,Reference Missing
english,336,ALL THE WAY MY SAVIOR LEADS ME,,false,false,Reference Missing
english,337,SOME THROUGH THE WATERS SOME THROUGH THE FLOOD,,false,false,Reference Missing
english,338,HOLY SPIRIT THOU ART WELCOME IN THIS PLACE,,false,false,Reference Missing
english,339,WEâ€™LL WALK IN THE LIGHT,,false,false,Reference Missing
english,340,WHAT A FELLOWSHIP WHAT A JOY DIVINE,,false,false,Reference Missing
english,341,LETâ€™S GO UP TO ZION,,false,false,Reference Missing
english,342,THESE ARE THE DAYS OF ELIJAH,,false,false,Reference Missing
english,343,PRAISE YOU LORD FOR SAVING ME,,false,false,Reference Missing
english,344,COME THOU ALMIGHTY KING,,false,false,Reference Missing
english,345,I LIFT MY HANDS,,false,false,Reference Missing
english,346,BLESS THE LORD O MY SOUL,,false,false,Reference Missing
english,347,NO OTHER NAME,,false,false,Reference Missing
english,348,I CLAIM THE BLOOD,,false,false,Reference Missing
english,349,HIS NAME IS HIGHER,,false,false,Reference Missing
english,350,I AM CRUCIFIED WITH CHRIST,,false,false,Reference Missing
english,351,MASTER REDEEMER SAVIOUR OF THE WORLD,,false,false,Reference Missing
english,352,WHY WORRY WHEN YOU CAN PRAY,,false,false,Reference Missing
english,353,AS WE GATHER IN THIS PLACE TODAY,,false,false,Reference Missing
english,354,ANOINT ME WITH FRESH OIL,,false,false,Reference Missing
english,355,AS THE WORLD LOOKS UPON ME,,false,false,Reference Missing
english,356,YOU ARE MY REFUGE,,false,false,Reference Missing
english,357,BLESSED BE THE NAME OF THE LORD,,false,false,Reference Missing
english,358,GOD WILL TAKE CARE OF YOU,,false,false,Reference Missing
english,359,LEAD KINDLY LIGHT,,false,false,Reference Missing
english,360,REDEEMED HOW I LOVE TO PROCLAIM IT,,false,false,Reference Missing
english,361,IN TIMES LIKE THESE YOU NEED A SAVIOR,,false,false,Reference Missing
english,362,WE MAGNIFY YOUR NAME,,false,false,Reference Missing
english,363,THE BIRDS HAVE A NEST TO GO,,false,false,Reference Missing
english,364,I THE LORD THY GOD,,false,false,Reference Missing
english,365,BRING A PSALM TO THE LORD,,false,false,Reference Missing
english,366,NEARER MY GOD TO THEE,,false,false,Reference Missing
english,367,SAFE IN THE ARMS OF JESUS,,false,false,Reference Missing
english,368,LORD MAKE ME AN INSTRUMENT,,false,false,Reference Missing
english,369,I WILL SERVE THEE,,false,false,Reference Missing
english,370,PRECIOUS LORD TAKE MY HAND,,false,false,Reference Missing
english,371,I WILL NEVER FORGET YOU,,false,false,Reference Missing
english,372,JUST A CLOSER WALK,,false,false,Reference Missing
english,373,THERE IS A LAND OF MILK AND HONEY,,false,false,Reference Missing
english,374,I WANT TO WALK WITH JESUS CHRIST,,false,false,Reference Missing
english,375,BLESSINGS AND MORE BLESSINGS OVERTAKE ME,,false,false,Reference Missing
english,376,WHAT A DAY THAT WILL BE,,false,false,Reference Missing
english,377,BURDENS ARE LIFTED,,false,false,Reference Missing
english,1001,** Above All Powers,,false,false,Reference Missing
english,1002,"** Alive, Alive, Alive Forevermore",,false,false,Reference Missing
english,1003,** All I Once Held Dear,,false,false,Reference Missing
english,1004,"** Alleluia, For The Lord God Almighty Reigns",,false,false,Reference Missing
english,1005,** Come Thou Fount Of Every Blessing,,false,false,Reference Missing
english,1006,"** El Elah, Elohim",,false,false,Reference Missing
english,1007,** Every Praise Is To Our God,,false,false,Reference Missing
english,1008,** He Looked Beyond My Faults,,false,false,Reference Missing
english,1009,** Here I Am To Worship,,false,false,Reference Missing
english,1010,** I Enter The Holy Of Holies,,false,false,Reference Missing
english,1011,** Holy Words Long Preserved,,false,false,Reference Missing
english,1012,** I Know The Master Of The Winds,,false,false,Reference Missing
english,1013,** I'll Sing Praises To You Name,,false,false,Reference Missing
english,1014,** In Your Presence,,false,false,Reference Missing
english,1016,** No Longer Slaves,,false,false,Reference Missing
english,1017,** Lord I Come To Thee,,false,false,Reference Missing
english,1018,** Our God Is An Awesome God,,false,false,Reference Missing
english,1019,** Take Me Past The Outer Court,,false,false,Reference Missing
english,1020,** Still (Hide Me Now),,false,false,Reference Missing
english,1021,** Open The Eyes Of My Heart,,false,false,Reference Missing
english,1022,"** Thank You For The Cross, Lord",,false,false,Reference Missing
english,1023,** Lord I Lift Your Name On High,,false,false,Reference Missing
english,1024,** Sometimes Hallelujah,,false,false,Reference Missing
english,1025,** What shall I render unto Jehovah,,false,false,Reference Missing
english,1026,** In Christ Alone my Hope is found,,false,false,Reference Missing
english,1027,** Goodness of God | I Love you Lord,,false,false,Reference Missing
english,1028,** He Knows my Name,,false,false,Reference Missing
english,1029,** Hallowed be Thy Name,,false,false,Reference Missing
english,1030,** You deserve the glory,,false,false,Reference Missing
english,1031,"** Shout to the Lord, all the earth let us sing",,false,false,Reference Missing
english,1032,** Give me that old time religion,,false,false,Reference Missing
english,1033,** I come to the garden alone,,false,false,Reference Missing
english,1034,** This is the Air I Breathe,,false,false,Reference Missing
english,1035,"** I will celebrate, sing unto the Lord",,false,false,Reference Missing
english,1036,** Will the circle be unbroken,,false,false,Reference Missing
english,1037,"** Welcome Holy Spirit, be here with Your Presence",,false,false,Reference Missing
english,1038,** Thank you Lord for your blessings on me!,,false,false,Reference Missing
hindi,1,AAJ KA DIN YEHOVA NE BANAYA HAI,,false,false,Reference Missing
hindi,2,JO KROOS PE QURBAN HAI,,false,false,Reference Missing
hindi,3,NAYA JEEVAN MIL GAYA,,false,false,Reference Missing
hindi,4,MUKTI DILAYE YESHU NAAM,,false,false,Reference Missing
hindi,5,"YESHU NE KAHA ""JEEVAN KI ROTI""",,false,false,Reference Missing
hindi,6,YESHU KA NAAM HAI SARE ZAMEEN PAR,,false,false,Reference Missing
hindi,7,"VANDE PRABHU, VANDE MASIEH",,false,false,Reference Missing
hindi,8,HAR DIN NAYI ASHA KA,,false,false,Reference Missing
hindi,9,AAYE HAIN HUM TERE CHARANO MEIN,,false,false,Reference Missing
hindi,10,SIYON DESH HUMARA HAI,,false,false,Reference Missing
hindi,11,HUM AAYE HAI TERE SHARAN MEIN,,false,false,Reference Missing
hindi,12,HUM TO JALTE DEEP HAI,,false,false,Reference Missing
hindi,13,JAI DENE WALE PRABHU YESHU KO,,false,false,Reference Missing
hindi,14,PRABHU MERA JEEVAN TUNE,,false,false,Reference Missing
hindi,15,PYARA YESHU KA PAIGAM,,false,false,Reference Missing
hindi,16,SHARON KA GULAB HAI TU,,false,false,Reference Missing
hindi,17,NEELE AASMAN KE PAAR JAYENGE,,false,false,Reference Missing
hindi,18,UTHATE HAIN TERA NAAM,,false,false,Reference Missing
hindi,19,USNE DAKHRAS AUR TEL UNDELA,,false,false,Reference Missing
hindi,20,HUM YESHU KE SANG EK DIN,,false,false,Reference Missing
hindi,21,YAHOVA KI STUTI KARO,,false,false,Reference Missing
hindi,22,YESHU HAI SACCHA GADARIYA,,false,false,Reference Missing
hindi,23,VACHAN TERA HE PRABHU,,false,false,Reference Missing
hindi,24,KHUL JAYEGI KITABE,,false,false,Reference Missing
hindi,25,TERI ICCHA POORI HO JAYE,,false,false,Reference Missing
hindi,26,"AAWAZ UTHAYENGE, HUM SAAZ BAYAYENGE",,false,false,Reference Missing
hindi,27,AADI AUR ANT TU HI HAI,,false,false,Reference Missing
hindi,28,ASHISH TUJHSE CHAHTE HAIN,,false,false,Reference Missing
hindi,29,GHATAYON PAR SAWAR HOKAR,,false,false,Reference Missing
hindi,30,ZINDAGI MERI BADAL GAYI,,false,false,Reference Missing
hindi,31,JAI JAI PRABHU YESHU KI,,false,false,Reference Missing
hindi,32,JAB SE PYARA YESHU AAYA,,false,false,Reference Missing
hindi,33,JAYENGE UTTAM DESH MEIN ZAROOR,,false,false,Reference Missing
hindi,34,"DHANYA DHANYA TUJKHO, PRABHU HUM KAHTE BAAR BAAR",,false,false,Reference Missing
hindi,35,"DHARTI AKASH DONON, PRABHU KI AAWAZ SUNENGE",,false,false,Reference Missing
hindi,36,PRABHU MAHAN VICHARUN KARYA TERE,,false,false,Reference Missing
hindi,37,PARAM PITA KI HUM STUTI GAYEN,,false,false,Reference Missing
hindi,38,PAAP KA BANDHAN TODA GAYA,,false,false,Reference Missing
hindi,39,PRABHU TERE NAM KE LIYE,,false,false,Reference Missing
hindi,40,TERI ARADHANA KARUN,,false,false,Reference Missing
hindi,41,TERE PAAP DHUL SAKENGE,,false,false,Reference Missing
hindi,42,DEKHO DEKHO KOI AA RAHA HAI,,false,false,Reference Missing
hindi,43,PAWAN HAI WOH PRABHU HAMARA,,false,false,Reference Missing
hindi,44,BOLO JAI MILKAR JAI,,false,false,Reference Missing
hindi,45,MERE GEETON KA VISHAY,,false,false,Reference Missing
hindi,46,MAN KA DEEP JALA,,false,false,Reference Missing
hindi,47,MERE DIL MEIN NAYA GANA,,false,false,Reference Missing
hindi,48,MAIN YESHU KE NOOR MEIN SAATH CHALUNGA,,false,false,Reference Missing
hindi,49,MAHIMA SE TU JO BHARA HUA,,false,false,Reference Missing
hindi,50,YESHU SALEEB PAR MUA,,false,false,Reference Missing
hindi,51,YESHU NE APNA KHOON BAHAKE,,false,false,Reference Missing
hindi,52,YAHOVA CHARVAHA MERA,,false,false,Reference Missing
hindi,53,RAJAON KA RAJA YESHU RAJA,,false,false,Reference Missing
hindi,54,RABB KI HOWE SANNA HAMESHA,,false,false,Reference Missing
hindi,55,HUM MASIHI RAHI,,false,false,Reference Missing
hindi,56,SARI SRISHTI KE MALIK TUMHI HO,,false,false,Reference Missing
hindi,57,HALLELUYA STUTI GAYE HUM,,false,false,Reference Missing
hindi,58,HE DULHAN HO TAIYAR,,false,false,Reference Missing
hindi,59,"MERE PRABHUJI, TUHI HAI SAHARA",,false,false,Reference Missing
hindi,60,SAMPOORN JEEVAN MERA,,false,false,Reference Missing
hindi,61,SUN LO MERE BHAIYON,,false,false,Reference Missing
hindi,62,AE HAMARE BAAP,,false,false,Reference Missing
hindi,63,BANE RAHO TUM,,false,false,Reference Missing
hindi,64,YESHU RAJA HO MALIK TUM MERE,,false,false,Reference Missing
hindi,65,PAVITRA ATMA AA,,false,false,Reference Missing
hindi,66,KHUSHI HI KHUSHI HAI,,false,false,Reference Missing
hindi,67,YAHOVA NISSI,,false,false,Reference Missing
hindi,68,MILKAR HUM SANNA TERI GATE,,false,false,Reference Missing
hindi,69,KRUS KI KAHANI BHI KYA AJEEB HAI,,false,false,Reference Missing
hindi,70,AADI MEIN VACHAN THA,,false,false,Reference Missing
hindi,71,COKE QURBAN HAR GUNAH SE,,false,false,Reference Missing
hindi,72,ANAND SE GEET GAO,,false,false,Reference Missing
hindi,73,HO SHUKRIYA KHUDA KA,,false,false,Reference Missing
hindi,74,PRABHU KA ANAND HAI MERI TAQAT,,false,false,Reference Missing
hindi,75,SABSE UNCHA NAAM PRABHU,,false,false,Reference Missing
hindi,76,YESHU HAI MERA MUKTIDHAM,,false,false,Reference Missing
hindi,77,DIL MERA LE LE PYARE YESHU,,false,false,Reference Missing
hindi,78,YESHU NAAM MEIN UDDHAR HUMKO,,false,false,Reference Missing
hindi,79,RAHON MEIN KANTE AGAR HO,,false,false,Reference Missing
hindi,80,APNA DIL KHOLO BAND NA KARO,,false,false,Reference Missing
hindi,81,LE CHAL HUME TU PAVITRA ATMA,,false,false,Reference Missing
hindi,82,AA YESHU PASS AA,,false,false,Reference Missing
hindi,83,JEEVAN SE BEHTAR KARUNA TERI,,false,false,Reference Missing
hindi,84,ARADHANA HUM YESHU KI KARE,,false,false,Reference Missing
hindi,85,SHUNYA SE LEKAR TUNE MUJHE,,false,false,Reference Missing
hindi,86,"ANUGRAH, ANUGRAH, ANUGRAH",,false,false,Reference Missing
hindi,87,YESHU KO MEIN SAB KUCH DETA,,false,false,Reference Missing
hindi,88,PRABHU TERA HUN TERE VACHAN SE,,false,false,Reference Missing
hindi,89,"YEHOVA YIRE, UPAYA KARNE WALE",,false,false,Reference Missing
hindi,90,CHHOD NA MUJHE PYARE YESHU,,false,false,Reference Missing
hindi,91,HOVEGI BARKAT KI BARISH,,false,false,Reference Missing
hindi,92,MAIN JAB PUKARU TUJHE,,false,false,Reference Missing
hindi,93,SADA MEIN STUTI KARUNGA,,false,false,Reference Missing
hindi,94,KUS KE PASS TU MUJHE RAKH,,false,false,Reference Missing
hindi,95,APNE GHUTNON PE HUM AAKAR,,false,false,Reference Missing
hindi,96,MERI PYASI ANKHE,,false,false,Reference Missing
hindi,97,SWARGIYA ASHISH DE,,false,false,Reference Missing
hindi,98,SARE JAGAT SE PYAR KIYA,,false,false,Reference Missing
hindi,99,PRABHU TU HAI CHANDI SE BHI KIMTI,,false,false,Reference Missing
hindi,100,AMBAR BHI NAYA,,false,false,Reference Missing
hindi,101,HE YEHOVA BAL MERE,,false,false,Reference Missing
hindi,102,DHARA JO BAHTI SALIB SE,,false,false,Reference Missing
hindi,103,O AKASH AUR SURYA CHANDRAMA,,false,false,Reference Missing
hindi,104,YESHU MASIH NE MUJHE,,false,false,Reference Missing
hindi,105,BOJH SABKE GUNAH KA UTHAKAR,,false,false,Reference Missing
hindi,106,GAR TUM KHAMOSH RAHOGE TO,,false,false,Reference Missing
hindi,107,AA PAVITRA ATMA TU AA JA,,false,false,Reference Missing
hindi,108,HA S S HALLELUJAH MILKAR GAYE,,false,false,Reference Missing
hindi,109,MAHIMA DENGE TUJHKO PRABHU,,false,false,Reference Missing
hindi,110,DHANYAVAD DHANYAVAD DHANYAVAD,,false,false,Reference Missing
hindi,111,PRARTHNA MEIN JO BHI MANGE,,false,false,Reference Missing
hindi,112,MERE DIL MEIN YESHU AAYA,,false,false,Reference Missing
hindi,113,AAO MILKAR GAYE,,false,false,Reference Missing
hindi,114,"AE DUNIYA KE LOGO, UNCHI AWAZ KARO",,false,false,Reference Missing
hindi,115,SATH YESHU KA MIL JAYE TO,,false,false,Reference Missing
hindi,116,HAI KHUDAKI YE TAMANNA,,false,false,Reference Missing
hindi,117,"TERA LAHU, TERA LAHU",,false,false,Reference Missing
hindi,118,MAHIMA KE KHUDA PRABHU YESHU MASIH,,false,false,Reference Missing
hindi,119,MAIN PAPI HUN PRABHUJI,,false,false,Reference Missing
hindi,120,YESHU MASIH HAMARA RAJA HAI,,false,false,Reference Missing
hindi,121,GATA RAHE MERA DIL,,false,false,Reference Missing
hindi,122,SUNO SUNO YESHU AYEGA,,false,false,Reference Missing
hindi,123,JANAM PANI SE LENA HOGA,,false,false,Reference Missing
hindi,124,AE SHAHON KE SHAHENSHAH,,false,false,Reference Missing
hindi,125,KALISIYA KARTI INTEZAR,,false,false,Reference Missing
hindi,126,KHRIST YESHU DAYALU PRABHU,,false,false,Reference Missing
hindi,127,TERE SANMUKH SHISH NAWATE,,false,false,Reference Missing
hindi,128,MASIH NE MERE LIYE KYA KIYA,,false,false,Reference Missing
hindi,129,CHALE JANA HAI DUR SE DUR TAK,,false,false,Reference Missing
hindi,130,"YOGYA KEVAL TU, YOGYA KEVAL TU",,false,false,Reference Missing
hindi,131,KITNA HASIN VADA HAI YE,,false,false,Reference Missing
hindi,132,YESHU KA LAHU SARE PAPON SE SHUDDH KARTA HUMEIN,,false,false,Reference Missing
hindi,133,YESHU AAP RAHENGE SATH,,false,false,Reference Missing
hindi,134,SENAON KA YEHOVA HAMARE SANG SANG HAI,,false,false,Reference Missing
hindi,135,YESHU KA NAAM SUKHADAYI,,false,false,Reference Missing
hindi,136,TU PYAR KA SAGAR,,false,false,Reference Missing
hindi,137,KUCH MILE YA NA MILE,,false,false,Reference Missing
hindi,138,HO LENGE HUM YESHU KE SANG,,false,false,Reference Missing
hindi,139,GAUNGA MAIN TERE HI GEET,,false,false,Reference Missing
hindi,140,AAO HUM YEHOVA KA DHANYAWAD KAREIN,,false,false,Reference Missing
hindi,141,DAYEIN NA BAYEIN MUDNA,,false,false,Reference Missing
hindi,142,TERE HI NAAM SE HAI PRABHU,,false,false,Reference Missing
hindi,143,TERE LAHU KE VASILE SE,,false,false,Reference Missing
hindi,144,ANAND ANAND ANAND HAI,,false,false,Reference Missing
hindi,145,PARMESHWAR KI DAYA KAISI,,false,false,Reference Missing
hindi,146,"JAI JAI YESHU, JAI JAI YESHU",,false,false,Reference Missing
hindi,147,YESHU KA PREM HAI,,false,false,Reference Missing
hindi,148,"TARIF, TARIF, MIL KE KARO",,false,false,Reference Missing
hindi,149,IMMANUEL KE LAHU SE,,false,false,Reference Missing
hindi,150,JAYVANT MASIHA JAYVANT HUA HAI,,false,false,Reference Missing
hindi,151,HAMARE PRABHU YESHU JI KA NAAM,,false,false,Reference Missing
hindi,152,JYOTI SE YESHU KI,,false,false,Reference Missing
hindi,153,SABNE GUNAHGAR KO,,false,false,Reference Missing
hindi,154,AANKHEIN HAMARI KHOLIYE PRABHUJI,,false,false,Reference Missing
hindi,155,KRUS HI KE PASS,,false,false,Reference Missing
hindi,156,KIMTI VAYDA BAAP NE DIYA,,false,false,Reference Missing
hindi,157,HUM VISHWAS SE EK DESH DEKHTE HAIN,,false,false,Reference Missing
hindi,158,YESHU KAISA DOST PYARA,,false,false,Reference Missing
hindi,159,ISHWAR SATH HO JAB TAK NA MILEIN,,false,false,Reference Missing
hindi,160,YESHU TERA NAAM HAI MAHAN,,false,false,Reference Missing
hindi,161,HUM VISHWASIYON KE LIYE EK ASHA HAI,,false,false,Reference Missing
hindi,162,PAVITRA NAGAR NAYE YARUSHALAM KO,,false,false,Reference Missing
hindi,163,TUHI DULHAN HAI,,false,false,Reference Missing
hindi,164,"AASMAN KE NEECHE, AUR IS DHARTI PAR",,false,false,Reference Missing
hindi,165,"HE KHUDA, TERI SHARAN SABSE PYARI HAI",,false,false,Reference Missing
hindi,166,ANANDIT HO JAO PYARO,,false,false,Reference Missing
hindi,167,APNA BOJH PRABHU PAR DAAL,,false,false,Reference Missing
hindi,168,KAL AUR AAJ AUR YUGANUYUG TAK,,false,false,Reference Missing
hindi,169,"HE YESHU MAHAN, HE YESHU MAHAN",,false,false,Reference Missing
hindi,170,HRIDAY BHET CHADHAYE PRABHU KO STUTI PRASHANSA KAREIN,,false,false,Reference Missing
hindi,171,"AAP MERA RAJA, AAP MERA RAJA",,false,false,Reference Missing
hindi,172,JUNGLI DARAKHTO KE DARMIYAN,,false,false,Reference Missing
hindi,173,HUM TO KHUDA KE BETE HAIN,,false,false,Reference Missing
hindi,174,TERE SAATH HUM CHALEIN,,false,false,Reference Missing
hindi,175,TERA PYAR HAI MAHAN,,false,false,Reference Missing
hindi,176,PRABHU KA DHANYAWAD KARUNGA,,false,false,Reference Missing
hindi,177,YESHU KI BABAT SUNAO,,false,false,Reference Missing
hindi,178,TU YESHU HAI MERA MAIN JAANTA YEH BAAT,,false,false,Reference Missing
hindi,179,YESHU NAAM KI DE DUHAI,,false,false,Reference Missing
hindi,180,EK MUNJI AJEEB HAI KHUDAWAND YESHU,,false,false,Reference Missing
hindi,181,"EK MANUSHYA BAITHA, BAITHA BHIKH THA MAANGTA",,false,false,Reference Missing
hindi,182,PAVITRA ATMA PREMI PAVITRA ATMA,,false,false,Reference Missing
hindi,183,"TAN, MAN AUR DHAN USE DO",,false,false,Reference Missing
hindi,184,"TERI SHIRIN AAWAZ, MAIN SUNTA HOON KHUDA",,false,false,Reference Missing
hindi,185,YESHU NAAM MEIN KUDRAT PAAYI JAATI HAI,,false,false,Reference Missing
hindi,186,"HO JAI JAYKAAR, JAI JAYKAAR KARE",,false,false,Reference Missing
hindi,187,AASMANON MEIN HAI MERA BHI EK MAKAN,,false,false,Reference Missing
hindi,188,AAJ CHALEIN KHUDAWAND KE HUZOOR,,false,false,Reference Missing
hindi,189,NAYA JEEVAN HOGA KAISA SUHANA,,false,false,Reference Missing
hindi,190,YESHU TERA NAAM HAI KITNA SUNDAR,,false,false,Reference Missing
hindi,191,BADHATE JAYENGE AAGE AAGE,,false,false,Reference Missing
hindi,192,JEEVIT JEEVIT JEEVIT HAI SADA,,false,false,Reference Missing
hindi,193,BHOOMI KI UTPATTI SE PEHLE PRABHU,,false,false,Reference Missing
hindi,194,MERE GUNAHON KO DHO DIYA,,false,false,Reference Missing
hindi,195,YEH SANDESH SUNAO SAB KO,,false,false,Reference Missing
hindi,196,APNI DULHAN KO LENE YESHU RAJA AAYEGA,,false,false,Reference Missing
hindi,197,"EK TOOTE HUE DIL NE, TUJHKO HI PUKARA HAI",,false,false,Reference Missing
hindi,198,MAN MANDIR MEIN BASNE WALA,,false,false,Reference Missing
hindi,199,"PYARO, HIMMAT BANDHO, AAGE BADHO",,false,false,Reference Missing
hindi,200,MAIN AATA HOON TERE PAAS,,false,false,Reference Missing
hindi,201,YESHU TERA NAAM MERA SHARANSSTHAN,,false,false,Reference Missing
hindi,202,"RAKTAM JAYAM, RAKTAM JAYAM",,false,false,Reference Missing
hindi,203,KRUS HI HAI TERA NISHAN,,false,false,Reference Missing
hindi,204,LE CHAL MERI AATMA KO TU,,false,false,Reference Missing
hindi,205,YESHU KE PEECHE MAIN CHALNE LAGA,,false,false,Reference Missing
hindi,206,"ANAND HAI, ANAND HAI, ADBHUT ANAND HAI",,false,false,Reference Missing
hindi,207,MERE JEEVAN KA MAKSAD TU HAI,,false,false,Reference Missing
hindi,208,YESHU MASIH TERE JAISA HAI KOI NAHIN,,false,false,Reference Missing
hindi,209,STUTI AARADHNA OOPAR JAATI HAI,,false,false,Reference Missing
hindi,210,MAN TO PRABHU KA MANDIR HAI,,false,false,Reference Missing
hindi,211,NAARE LAGAO AUR GAO RE,,false,false,Reference Missing
hindi,212,AARADHNA HO AARADHNA,,false,false,Reference Missing
hindi,213,DUNIYA BANANE WALE TERI JAI HO,,false,false,Reference Missing
hindi,214,"YESHU BULA RAHA, YESHU BULA RAHA",,false,false,Reference Missing
hindi,215,"AATMA MANDRATA, AATMA MANDRATA",,false,false,Reference Missing
hindi,216,"MAHIMA HO TERI, MAHIMA HO TERI",,false,false,Reference Missing
hindi,217,"HO TAIYAR, HO TAIYAR USKE LOGO",,false,false,Reference Missing
hindi,218,AI MERE MAN YEHOVA KO DHANYA DHANYA KAHO,,false,false,Reference Missing
hindi,219,MERA YESHU HAI KITNA MAHAN,,false,false,Reference Missing
hindi,220,YESHU KABHI NA CHODEGA,,false,false,Reference Missing
hindi,221,MERA EK HI MITRA YESHU,,false,false,Reference Missing
hindi,222,"AAKHRI NARSINGA, PHOOKA JANE WALA HAI",,false,false,Reference Missing
hindi,223,YESHU TUNE MUJKHO BANAYA,,false,false,Reference Missing
hindi,224,VANDANA KARTE HAIN HUM,,false,false,Reference Missing
hindi,225,PRABHU PARMESHWAR TU KITNA BHALA HAI,,false,false,Reference Missing
hindi,226,HO TERI STUTI AUR AARADHNA,,false,false,Reference Missing
hindi,227,AAO GAO YESHU KE LIYE STUTI AUR MAHIMA,,false,false,Reference Missing
hindi,228,"UTAR AA, UTAR AA, UTAR AA",,false,false,Reference Missing
hindi,229,PHIR SE WO AAG BARSA DE,,false,false,Reference Missing
hindi,230,PRARTHNA MEIN JO KUCH MANGA,,false,false,Reference Missing
hindi,231,YESHU MERA RAJA YESHU MERA PRABHU,,false,false,Reference Missing
hindi,232,MAIN TERE AAGE AAP CHALUNGA,,false,false,Reference Missing
hindi,2001,** आसमान भी टल जायेगा,,false,false,Reference Missing
hindi,2002,"** क्या दे सकता हूँ, क्या ला सकता हूँ",,false,false,Reference Missing
hindi,2003,** Dhanyawad ke saath stuti gaunga,,false,false,Reference Missing
hindi,2004,** Aaradhana me hai chutkara,,false,false,Reference Missing
hindi,2005,हे स्वर्गीय पिता,,false,false,Reference Missing
hindi,2006,"हाल्लेलुयाह, हाल्लेलुयाह, हम गाते है बारंबार",,false,false,Reference Missing
hindi,2007,येसु नाम मिला,,false,false,Reference Missing
hindi,2008,धन्य धन्य येशु नाम,,false,false,Reference Missing
hindi,2009,"तेरी स्तुति मै करूँ, आराधना करूँ",,false,false,Reference Missing
hindi,2010,जाता मैं जाता कहाँ तू ही है मेरा खुदा,,false,false,Reference Missing
hindi,2011,यीशु तू है सबसे महान,,false,false,Reference Missing
hindi,2012,"तेरे बिन, मै कुछ भी नही",,false,false,Reference Missing
hindi,2013,कैसे मै तेरी महिमा गाऊं,,false,false,Reference Missing
hindi,2014,तेरी इनायत हमपर हुई है,,false,false,Reference Missing
hindi,2015,रोशनी है तेरी सबसे महान,,false,false,Reference Missing
hindi,2016,उस क्रूस की क्या बात है,,false,false,Reference Missing
hindi,2017,"तेरी महिमा गाये, हाल्लेलुयाह",,false,false,Reference Missing
hindi,2018,"यीशु, यीशु तू सबसे है महान",,false,false,Reference Missing
hindi,2019,येशु तेरे करीब आने से,,false,false,Reference Missing
hindi,2020,मेरे छोटे हृदय से,,false,false,Reference Missing
hindi,2021,हे प्रभु यीशु इन दोनों पर,,false,false,Reference Missing
hindi,2022,यीशु ने दि है शिफा,,false,false,Reference Missing
hindi,2023,आराधनायेशु तुझे,,false,false,Reference Missing
hindi,2024,तुमसा कोई नहीं,,false,false,Reference Missing
hindi,2025,हमको मिला है ये जिंदगी,,false,false,Reference Missing
hindi,2026,** Uske phatako me pravesh karunga,,false,false,Reference Missing
hindi,2027,** Chottey bachho ko paas aane do,,false,false,Reference Missing
hindi,2028,** Tere Bina mai kuch bhi nahi hu,,false,false,Reference Missing
hindi,2029,"** Dhanyawad kare, Prabhu ki mahima kare",,false,false,Reference Missing
hindi,2030,"** Tere paas, aataa hu",,false,false,Reference Missing
hindi,2031,"** Kuch nahi, Kuch nahi chahiye Yeshu",,false,false,Reference Missing
hindi,2032,** Bhavan ke beech mey | Chattan,,false,false,Reference Missing
hindi,2033,** Gin Gin ke stuti karu,,false,false,Reference Missing
hindi,2034,** Teri taarif hO,,false,false,Reference Missing
hindi,2035,इक आग हर दिल में,,false,false,Reference Missing
hindi,2036,यीशु मेरे दिल में आ,,false,false,Reference Missing
hindi,2037,"पवित्र अति पवित्र , स्थान में ले चल प्रभु",,false,false,Reference Missing
hindi,2038,मैं हाथ उठाकर गाऊँगा,,false,false,Reference Missing
hindi,2039,"पवित्र मुझे बना दे प्रभु,",,false,false,Reference Missing
hindi,2040,"तेरे जैसा कौन है, |एलशदाई आराधना",,false,false,Reference Missing
hindi,2041,"ले गया मेरे गुनाह, और मुझको जीवन दे गया",,false,false,Reference Missing
hindi,2042,"मेरे जीवन में यीशु तेरा नाम, जलाल पाता रहे",,false,false,Reference Missing
hindi,2043,"चले हो तुम खुदा के साथ, रास्ता संकरा है",,false,false,Reference Missing
konkani,378,JEZU TUJIM UTRAM,,false,false,Reference Missing
konkani,379,ZANNAIM TUM (Know Ye Not),,false,false,Reference Missing
konkani,380,ARGAM TUKA SOMIA,,false,false,Reference Missing
konkani,381,SORVESPORA DEVA,,false,false,Reference Missing
konkani,382,TO MOJEM SOGLLEM DAIZ (He Is My Everything),,false,false,Reference Missing
konkani,383,ASSONDHI MOG,,false,false,Reference Missing
konkani,384,TUKA AMIM POLEUNK NAM,,false,false,Reference Missing
konkani,385,VOI DEV BORO (YES GOD IS GOOD),,false,false,Reference Missing
marathi,1,"ख्रिस्त माझा, तो सर्वांचा, या नमा त्याला",,false,false,Reference Missing
marathi,2,धन्यवाद येशूला,,false,false,Reference Missing
marathi,3,किती आनंद हा स्वर्गीय आनंद हा,,false,false,Reference Missing
marathi,4,प्रति दिनी प्रति वेळी काही घडू दे,,false,false,Reference Missing
marathi,5,या सर्व मिळूनी गाऊ गीत वैभवी ख्रिस्ताचे,,false,false,Reference Missing
marathi,6,"ख्रिस्त माझा तारणारा, मला वाटे प्रिय फार",,false,false,Reference Missing
marathi,7,"हर्ष वाटतो, बहुत हर्ष वाटतो",,false,false,Reference Missing
marathi,8,तुझे वात्सल्य जीवनाहून श्रेष्ठ,,false,false,Reference Missing
marathi,9,स्तुती-स्तुती करूया उपकार स्तुती करूया,,false,false,Reference Missing
marathi,10,"क्रुसास येशु टांगला, अर्पिलेला कोकरा",,false,false,Reference Missing
marathi,11,"स्तव तुझा करू धावा, हे सुखाच्या उगमा",,false,false,Reference Missing
marathi,12,"येशु माझा मेंढपाळ, आम्ही त्याची मेंढरे",,false,false,Reference Missing
marathi,13,"धन्य हो धन्य येशु माझा, (Blessed Assurance)",,false,false,Reference Missing
marathi,14,"तू बोलावीलें सेवा कराया, प्रभु, आलों आनंदे, (I Am Thine O Lord)",,false,false,Reference Missing
marathi,15,होईल वृष्टि कृपेची (There Shall Be Showers),,false,false,Reference Missing
marathi,16,"वंदा, वंदा तारक प्रभु येशूला ! (Praise Him Praise Him)",,false,false,Reference Missing
marathi,17,"प्रभू ख्रिस्ता कृपामय, मला तूंचि हो आश्रय; (Rock Of Ages)",,false,false,Reference Missing
marathi,18,"दिव्य तेजे प्रकाशीत स्थळ, (There's A Land That Is Fairer)",,false,false,Reference Missing
marathi,19,"येशूच्या रक्ते भरले, धुण्याचे कुंड जाण (There Is A Fountain)",,false,false,Reference Missing
marathi,20,"कोण मित्र येशुवाणी, सारें ओझे वाहाया ? (What A Friend We Have In Jesus)",,false,false,Reference Missing
marathi,21,"येशूची सेवा आवडे, गेलो सुवेळी त्याकडे, (O Happy Day)",,false,false,Reference Missing
marathi,1501,माझा येशु मला प्रिय फार,,false,false,Reference Missing
marathi,1502,तुझंसा कोणी नाही,,false,false,Reference Missing
marathi,1503,तारक तो सामर्थ्य तो,,false,false,Reference Missing
marathi,1504,तुझी दया सनातन आहे,,false,false,Reference Missing
